Fashion:Fashion Pria:Pakaian:Jaket dan Mantel Pria:Jaket Parasut Pria:Jaket Taslan Waterproof Best Seller - Oenzie Store,Jaket Taslan Waterproof Best Seller - Oenzie Store,Oenzie Clothing,Rp215.000,Rp120.000,Pengembalian & Garansi14 hari pengembalian barangBerubah pikiran tidak diperbolehkan1 Bulan Garansi Seller,1000,10,15,Variasi:Color Family,https://www.lazada.co.id/products/jaket-taslan-waterproof-best-seller-oenzie-store-i168544001-s197580998.html?spm=a2o4j.searchlistcategory.list.11.62f43f0aJyr8Bb&search=1
Fashion:Fashion Pria:Pakaian:Jaket dan Mantel Pria:Jaket Parasut Pria:Jaket Parka Taslan Waterproof - Oenzie Store,Jaket Parka Taslan Waterproof - Oenzie Store,Oenzie Clothing,Rp225.000,Rp108.000,Pengembalian & Garansi14 hari pengembalian barangBerubah pikiran tidak diperbolehkan1 Bulan Garansi Seller,1000,10,15,Variasi:Color Family,https://www.lazada.co.id/products/jaket-parka-taslan-waterproof-oenzie-store-i196852035-s394004052.html?
Fashion:Fashion Wanita:Pakaian:Atasan Wanita:Blouse & Kemeja Wanita:BERSHKA STRIPE BLOUSE ||| loekita ||| grosir jaket sweater baju atasan blouse rajut hijab terbaru kekinian wanita murah,BERSHKA STRIPE BLOUSE loekita grosir jaket sweater baju atasan blouse rajut hijab terbaru kekinian wanita murah,Unbranded,Rp68.000,Rp35.000,Pengembalian & Garansi14 hari pengembalian barangBerubah pikiran tidak diperbolehkanTidak ada garansi,1000,10,15,Color Family:Variasi,https://www.lazada.co.id/products/bershka-stripe-blouse-loekita-grosir-jaket-sweater-baju-atasan-blouse-rajut-hijab-terbaru-kekinian-wanita-murah-i417041253-s468401018.html?spm=a2o4j.searchlistcategory.list.1.8cf16fa9TBC1AO&search=1
Fashion:Fashion Wanita:Pakaian:Hoodie & Sweatshirt Wanita:Whatever Hoodie - Hoodie and Sweater Wanita,Whatever Hoodie - Hoodie and Sweater Wanita,Prime Bandung,Rp130.000,Rp55.000,Pengembalian & Garansi14 hari pengembalian barangBerubah pikiran tidak diperbolehkanTidak ada garansi,1000,10,15,Color Family:Size,https://www.lazada.co.id/products/whatever-hoodie-hoodie-and-sweater-wanita-i415410651-s464925360.html?spm=a2o4j.searchlistcategory.list.11.8cf16fa9OeSX8J&search=1
Fashion:Fashion Wanita:Pakaian:Celana & Legging Wanita:Celana Wanita:FAshion Murah - Zara Basic Trousers / Celana Kerja Zara Kotak Garis,FAshion Murah - Zara Basic Trousers Celana Kerja Zara Kotak Garis,Celana,Rp90.000,Rp75.000,Pengembalian & Garansi14 hari pengembalian barangBerubah pikiran tidak diperbolehkanTidak ada garansi,1000,10,15,Variasi:Color Family,https://www.lazada.co.id/products/fashion-murah-zara-basic-trousers-celana-kerja-zara-kotak-garis-i389866655-s425958108.html?spm=a2o4j.searchlistcategory.list.1.70e773f2nd4N0f&search=1
Fashion:Fashion Pria:Pakaian:Celana Pria:Celana Chino Pria:Pieter Jackson Celana Chino Panjang Pria,Pieter Jackson Celana Chino Panjang Pria,Pieter Jackson,Rp109.000,Rp68.000,Pengembalian & Garansi14 hari pengembalian barangBerubah pikiran tidak diperbolehkan1 Bulan Garansi Seller,1000,10,15,Variasi:Color Family,https://www.lazada.co.id/products/pieter-jackson-celana-chino-panjang-pria-i127044890-s333324502.html?spm=a2o4j.searchlistcategory.list.1.2a13259ejxNAO9&search=1
Kesehatan & Kecantikan:Makeup:Mata:Pensil Alis:Wardah Eyebrow Pencil Brown,Wardah Eyebrow Pencil Brown,Wardah,Rp44.400,Rp33.000,Pengembalian & Garansi100% Original15 Hari PengembalianBerubah pikiran diperbolehkanTidak ada garansi,1000,10,15,,https://www.lazada.co.id/products/wardah-eyebrow-pencil-brown-i159952967-s181748946.html?spm=a2o4j.searchlistcategory.list.1.103a16c0qjNjHm&search=1
Handphone & Tablet:Aksesoris Handphone & Tablet:Pelindung Layar:Ambigo 5D Tempered Glass Screen Protector Asus Zenfone Max Pro M1 ZB602KL / ZB601KL Full Cover Glue - Black,Ambigo 5D Tempered Glass Screen Protector Asus Zenfone Max Pro M1 ZB602KL ZB601KL Full Cover Glue - Black,Ambigo,Rp69.000,Rp21.000,Pengembalian & Garansi100% Original15 Hari PengembalianBerubah pikiran diperbolehkanTidak ada garansi,1000,10,15,,https://www.lazada.co.id/products/ambigo-5d-tempered-glass-screen-protector-asus-zenfone-max-pro-m1-zb602kl-zb601kl-full-cover-glue-black-i401943449-s442673179.html?spm=a2o4j.searchlistcategory.list.1.149a5707OebyaU&search=1
Alat Dapur:Kotak penyimpanan dapur dan aksesoris:Termos & Penyimpanan:Termos LIFE 500ml Vacuum Flask - Botol Minum Panas Dingin Random,Termos LIFE 500ml Vacuum Flask - Botol Minum Panas Dingin Random,MitraBotol,Rp48.000,Rp35.800,Pengembalian & Garansi14 hari pengembalian barangBerubah pikiran tidak diperbolehkanTidak ada garansi,1000,10,15,,https://www.lazada.co.id/products/termos-life-500ml-vacuum-flask-botol-minum-panas-dingin-random-i405947700-s448084856.html?spm=a2o4j.searchlistcategory.list.1.135b5d7avjfRry&search=1
Handphone & Tablet:Tablet:Penjualan Terlaris 10.1 ''4G + 64 GB 7.0 Komputer Tablet Octa 8 Core HD WIFI Bluetooth 2 SIM 4G Baru,Penjualan Terlaris 101 4G 64 GB 70 Komputer Tablet Octa 8 Core HD WIFI Bluetooth 2 SIM 4G Baru,No Brand,Rp1.500.000,Rp1.158.702,Pengembalian & Garansi7 hari pengembalian barangBerubah pikiran tidak diperbolehkanTidak ada garansi,1000,10,15,Kapasitas Penyimpanan:Color Family,https://www.lazada.co.id/products/penjualan-terlaris-101-4g-64-gb-70-komputer-tablet-octa-8-core-hd-wifi-bluetooth-2-sim-4g-baru-i422286571-s478311763.html?spm=a2o4j.searchlistcategory.list.1.25c376bd5eh7pd&search=1
TV, Audio/Video, Permainan & Perangkat Wearable:Video Game:Gaming Lainnya:Aksesori Game:Logitech F310 Gamepad,Logitech F310 Gamepad,Logitech,Rp359.000,Rp309.000,Pengembalian & Garansi100% Original15 Hari PengembalianBerubah pikiran diperbolehkan3 Tahun Garansi Resmi Distributor Lokal,1000,10,15,,https://www.lazada.co.id/products/logitech-f310-gamepad-i7876293-s10029324.html?spm=a2o4j.searchlistcategory.list.1.35e85ccfFrkyu6&search=1
