Shopee PH 12.12 Christmas Sale,SHOPEE,https://www.appannie.com/apps/google-play/app/com.shopee.ph/details/,https://www.appannie.com/apps/google-play/app/com.shopee.ph/keywords/?countries=PH&device=&order_by=isPinned&order_type=desc&date=2018-11-10~2018-12-09&chart_type=rank&table_selections=2114046&series=2114046
Lazada Grand Year End Sale 10-12 Dec,Lazada,https://www.appannie.com/apps/google-play/app/com.lazada.android/details/,https://www.appannie.com/apps/google-play/app/com.lazada.android/keywords/?countries=PH&device=&order_by=isPinned&order_type=desc&date=2018-11-10~2018-12-09&chart_type=rank&table_selections=2114046&series=2114046
ZAFUL - My Fashion Story,Zaful,https://www.appannie.com/apps/google-play/app/com.zaful/details/,https://www.appannie.com/apps/google-play/app/com.zaful/keywords/?countries=PH&device=&order_by=isPinned&order_type=desc&date=2018-11-10~2018-12-09&chart_type=rank&table_selections=2114046&series=2114046
Akulaku-Kredit Cicil Pinjam Belanja,Akulaku,https://www.appannie.com/apps/google-play/app/io.silvrr.installment/details/,https://www.appannie.com/apps/google-play/app/io.silvrr.installment/keywords/?countries=PH&device=&order_by=isPinned&order_type=desc&date=2018-11-10~2018-12-09&chart_type=rank&table_selections=2114046&series=2114046
ZALORA時裝購物平台,Zalora,https://www.appannie.com/apps/google-play/app/com.zalora.android/details/,https://www.appannie.com/apps/google-play/app/com.zalora.android/keywords/?countries=PH&device=&order_by=isPinned&order_type=desc&date=2018-11-10~2018-12-09&chart_type=rank&table_selections=2114046&series=2114046
Watsons Philippines,Watson,https://www.appannie.com/apps/google-play/app/com.mtelnet.watson.ph/details/,https://www.appannie.com/apps/google-play/app/com.mtelnet.watson.ph/keywords/?countries=PH&device=&order_by=isPinned&order_type=desc&date=2018-11-10~2018-12-09&chart_type=rank&table_selections=2114046&series=2114046
Banggood - Easy Online Shopping,Banggood,https://www.appannie.com/apps/google-play/app/com.banggood.client/details/,https://www.appannie.com/apps/google-play/app/com.banggood.client/keywords/?countries=PH&device=&order_by=isPinned&order_type=desc&date=2018-11-10~2018-12-09&chart_type=rank&table_selections=2114046&series=2114046
Newchic - Fashion Online Shopping,Newchic,https://www.appannie.com/apps/google-play/app/com.newchic.client/details/,https://www.appannie.com/apps/google-play/app/com.newchic.client/keywords/?countries=PH&device=&order_by=isPinned&order_type=desc&date=2018-11-10~2018-12-09&chart_type=rank&table_selections=2114046&series=2114046
Carouse﻿ll 旋转拍卖 - 你拍我买,Carousell,https://www.appannie.com/apps/google-play/app/com.thecarousell.Carousell/details/,https://www.appannie.com/apps/google-play/app/com.thecarousell.Carousell/keywords/?countries=PH&device=&order_by=isPinned&order_type=desc&date=2018-11-10~2018-12-09&chart_type=rank&table_selections=2114046&series=2114046
******,******,https://www.appannie.com/content-not-available,https://www.appannie.com/content-not-akeywords/?countries=PH&device=&order_by=isPinned&order_type=desc&date=2018-11-10~2018-12-09&chart_type=rank&table_selections=2114046&series=2114046
Alibaba.com - Leading online B2B Trade Marketplace,Alibaba,https://www.appannie.com/apps/google-play/app/com.alibaba.intl.android.apps.poseidon/details/,https://www.appannie.com/apps/google-play/app/com.alibaba.intl.android.apps.poseidon/keywords/?countries=PH&device=&order_by=isPinned&order_type=desc&date=2018-11-10~2018-12-09&chart_type=rank&table_selections=2114046&series=2114046
Vova - 輕鬆獲取贈品,VOVA,https://www.appannie.com/apps/google-play/app/com.vova.android/details/,https://www.appannie.com/apps/google-play/app/com.vova.android/keywords/?countries=PH&device=&order_by=isPinned&order_type=desc&date=2018-11-10~2018-12-09&chart_type=rank&table_selections=2114046&series=2114046
OLX Philippines Buy and Sell,OLX,https://www.appannie.com/apps/google-play/app/ph.com.sulit.app/details/,https://www.appannie.com/apps/google-play/app/ph.com.sulit.app/keywords/?countries=PH&device=&order_by=isPinned&order_type=desc&date=2018-11-10~2018-12-09&chart_type=rank&table_selections=2114046&series=2114046
BeautyMNL - Shop Beauty in the Philippines,Taste Central Curators Inc.,https://www.appannie.com/apps/google-play/app/com.beautymnl.beautymnlapp/details/,https://www.appannie.com/apps/google-play/app/com.beautymnl.beautymnlapp/keywords/?countries=PH&device=&order_by=isPinned&order_type=desc&date=2018-11-10~2018-12-09&chart_type=rank&table_selections=2114046&series=2114046
ShopBack - 網購即享現金回饋｜Shopfest 購物節 - 隨時享受網購年中慶/週年慶折扣,ShopBack,https://www.appannie.com/apps/google-play/app/com.shopback.app/details/,https://www.appannie.com/apps/google-play/app/com.shopback.app/keywords/?countries=PH&device=&order_by=isPinned&order_type=desc&date=2018-11-10~2018-12-09&chart_type=rank&table_selections=2114046&series=2114046
Amazon Shopping,Amazon,https://www.appannie.com/apps/google-play/app/com.amazon.mShop.android.shopping/details/,https://www.appannie.com/apps/google-play/app/com.amazon.mShop.android.shopping/keywords/?countries=PH&device=&order_by=isPinned&order_type=desc&date=2018-11-10~2018-12-09&chart_type=rank&table_selections=2114046&series=2114046
Rosegal: Shop Fashion Clothes,Rosegal,https://www.appannie.com/apps/google-play/app/com.rosegal/details/,https://www.appannie.com/apps/google-play/app/com.rosegal/keywords/?countries=PH&device=&order_by=isPinned&order_type=desc&date=2018-11-10~2018-12-09&chart_type=rank&table_selections=2114046&series=2114046
O Shopping,A CJ O SHOPPING,https://www.appannie.com/apps/google-play/app/com.acjmall/details/,https://www.appannie.com/apps/google-play/app/com.acjmall/keywords/?countries=PH&device=&order_by=isPinned&order_type=desc&date=2018-11-10~2018-12-09&chart_type=rank&table_selections=2114046&series=2114046
MetroDeal,MetroDeal,https://www.appannie.com/apps/google-play/app/com.metrodeal.metrodealandroid/details/,https://www.appannie.com/apps/google-play/app/com.metrodeal.metrodealandroid/keywords/?countries=PH&device=&order_by=isPinned&order_type=desc&date=2018-11-10~2018-12-09&chart_type=rank&table_selections=2114046&series=2114046
Snapcart – Snap Receipts Get Cashbacks,Snapcart,https://www.appannie.com/apps/google-play/app/com.snapcart.android/details/,https://www.appannie.com/apps/google-play/app/com.snapcart.android/keywords/?countries=PH&device=&order_by=isPinned&order_type=desc&date=2018-11-10~2018-12-09&chart_type=rank&table_selections=2114046&series=2114046
Online Shopping Philippines,Team Sparkling,https://www.appannie.com/apps/google-play/app/online.shopping.philippines/details/,https://www.appannie.com/apps/google-play/app/online.shopping.philippines/keywords/?countries=PH&device=&order_by=isPinned&order_type=desc&date=2018-11-10~2018-12-09&chart_type=rank&table_selections=2114046&series=2114046
Hataw.ph,Hataw,https://www.appannie.com/apps/google-play/app/ph.hataw/details/,https://www.appannie.com/apps/google-play/app/ph.hataw/keywords/?countries=PH&device=&order_by=isPinned&order_type=desc&date=2018-11-10~2018-12-09&chart_type=rank&table_selections=2114046&series=2114046
Fashion & Tech Deals - Shop Sell & Save with eBay,eBay,https://www.appannie.com/apps/google-play/app/com.ebay.mobile/details/,https://www.appannie.com/apps/google-play/app/com.ebay.mobile/keywords/?countries=PH&device=&order_by=isPinned&order_type=desc&date=2018-11-10~2018-12-09&chart_type=rank&table_selections=2114046&series=2114046
Wish - Shopping Made Fun,ContextLogic,https://www.appannie.com/apps/google-play/app/com.contextlogic.wish/details/,https://www.appannie.com/apps/google-play/app/com.contextlogic.wish/keywords/?countries=PH&device=&order_by=isPinned&order_type=desc&date=2018-11-10~2018-12-09&chart_type=rank&table_selections=2114046&series=2114046
SEPHORA絲芙蘭 - Beauty Shopping,Sephora,https://www.appannie.com/apps/google-play/app/com.sephora.digital/details/,https://www.appannie.com/apps/google-play/app/com.sephora.digital/keywords/?countries=PH&device=&order_by=isPinned&order_type=desc&date=2018-11-10~2018-12-09&chart_type=rank&table_selections=2114046&series=2114046
AliExpress - Smarter Shopping Better Living,Alibaba,https://www.appannie.com/apps/google-play/app/com.alibaba.aliexpresshd/details/,https://www.appannie.com/apps/google-play/app/com.alibaba.aliexpresshd/keywords/?countries=PH&device=&order_by=isPinned&order_type=desc&date=2018-11-10~2018-12-09&chart_type=rank&table_selections=2114046&series=2114046
Amazon Assistant,Amazon,https://www.appannie.com/apps/google-play/app/com.amazon.aa/details/,https://www.appannie.com/apps/google-play/app/com.amazon.aa/keywords/?countries=PH&device=&order_by=isPinned&order_type=desc&date=2018-11-10~2018-12-09&chart_type=rank&table_selections=2114046&series=2114046
ALTHEA: Best of Korean Beauty,ALTHEA.KR,https://www.appannie.com/apps/google-play/app/kr.althea.release/details/,https://www.appannie.com/apps/google-play/app/kr.althea.release/keywords/?countries=PH&device=&order_by=isPinned&order_type=desc&date=2018-11-10~2018-12-09&chart_type=rank&table_selections=2114046&series=2114046
PopSlide: Get Free Load,YOYO HOLDINGS,https://www.appannie.com/apps/google-play/app/ph.yoyo.popslide.app/details/,https://www.appannie.com/apps/google-play/app/ph.yoyo.popslide.app/keywords/?countries=PH&device=&order_by=isPinned&order_type=desc&date=2018-11-10~2018-12-09&chart_type=rank&table_selections=2114046&series=2114046
條碼掃描器,ZXing Team,https://www.appannie.com/apps/google-play/app/com.google.zxing.client.android/details/,https://www.appannie.com/apps/google-play/app/com.google.zxing.client.android/keywords/?countries=PH&device=&order_by=isPinned&order_type=desc&date=2018-11-10~2018-12-09&chart_type=rank&table_selections=2114046&series=2114046
Forever 21,Forever 21,https://www.appannie.com/apps/google-play/app/com.rarewire.forever21/details/,https://www.appannie.com/apps/google-play/app/com.rarewire.forever21/keywords/?countries=PH&device=&order_by=isPinned&order_type=desc&date=2018-11-10~2018-12-09&chart_type=rank&table_selections=2114046&series=2114046
Coda Diamond ML,Son Goku.Inc,https://www.appannie.com/apps/google-play/app/com.appybuilder.godevgoku.codashopnew/details/,https://www.appannie.com/apps/google-play/app/com.appybuilder.godevgoku.codashopnew/keywords/?countries=PH&device=&order_by=isPinned&order_type=desc&date=2018-11-10~2018-12-09&chart_type=rank&table_selections=2114046&series=2114046
MetroMart - Grocery Delivery,MetroMart Technologies Inc.,https://www.appannie.com/apps/google-play/app/com.metromart.metromart/details/,https://www.appannie.com/apps/google-play/app/com.metromart.metromart/keywords/?countries=PH&device=&order_by=isPinned&order_type=desc&date=2018-11-10~2018-12-09&chart_type=rank&table_selections=2114046&series=2114046
AppNana - Free Gift Cards,AppNana,https://www.appannie.com/apps/google-play/app/com.appnana.android.giftcardrewards/details/,https://www.appannie.com/apps/google-play/app/com.appnana.android.giftcardrewards/keywords/?countries=PH&device=&order_by=isPinned&order_type=desc&date=2018-11-10~2018-12-09&chart_type=rank&table_selections=2114046&series=2114046
T-shirt Design and Print Philippines - Printeety,V-Core,https://www.appannie.com/apps/google-play/app/com.printeety.androidapp/details/,https://www.appannie.com/apps/google-play/app/com.printeety.androidapp/keywords/?countries=PH&device=&order_by=isPinned&order_type=desc&date=2018-11-10~2018-12-09&chart_type=rank&table_selections=2114046&series=2114046
Redeem Google Rewards,techgigs Pvt. Ltd,https://www.appannie.com/apps/google-play/app/com.technobright.convert.redeemgoogleplayrewards/details/,https://www.appannie.com/apps/google-play/app/com.technobright.convert.redeemgoogleplayrewards/keywords/?countries=PH&device=&order_by=isPinned&order_type=desc&date=2018-11-10~2018-12-09&chart_type=rank&table_selections=2114046&series=2114046
Souq.com,Souq.com,https://www.appannie.com/apps/google-play/app/com.souq.app/details/,https://www.appannie.com/apps/google-play/app/com.souq.app/keywords/?countries=PH&device=&order_by=isPinned&order_type=desc&date=2018-11-10~2018-12-09&chart_type=rank&table_selections=2114046&series=2114046
Olshop All in One,Suji Edukasi,https://www.appannie.com/apps/google-play/app/com.andromo.dev712252.app856363/details/,https://www.appannie.com/apps/google-play/app/com.andromo.dev712252.app856363/keywords/?countries=PH&device=&order_by=isPinned&order_type=desc&date=2018-11-10~2018-12-09&chart_type=rank&table_selections=2114046&series=2114046
SHEIN購物：時尚女裝服飾品牌,Shein,https://www.appannie.com/apps/google-play/app/com.zzkko/details/,https://www.appannie.com/apps/google-play/app/com.zzkko/keywords/?countries=PH&device=&order_by=isPinned&order_type=desc&date=2018-11-10~2018-12-09&chart_type=rank&table_selections=2114046&series=2114046
Rules Of Survival 6666Net : Buy and Sell HERO ROS,6666Net Group Co.Ltd,https://www.appannie.com/apps/google-play/app/com.mianasad.ros6666/details/,https://www.appannie.com/apps/google-play/app/com.mianasad.ros6666/keywords/?countries=PH&device=&order_by=isPinned&order_type=desc&date=2018-11-10~2018-12-09&chart_type=rank&table_selections=2114046&series=2114046
Jollychic-網上購物商城，打造全新生活方式,JOLLYCHIC EC LIMITED,https://www.appannie.com/apps/google-play/app/com.jollycorp.jollychic/details/,https://www.appannie.com/apps/google-play/app/com.jollycorp.jollychic/keywords/?countries=PH&device=&order_by=isPinned&order_type=desc&date=2018-11-10~2018-12-09&chart_type=rank&table_selections=2114046&series=2114046
Avon Mobile,Avon Products Inc,https://www.appannie.com/apps/google-play/app/air.com.avon.mobile.AvonMobile/details/,https://www.appannie.com/apps/google-play/app/air.com.avon.mobile.AvonMobile/keywords/?countries=PH&device=&order_by=isPinned&order_type=desc&date=2018-11-10~2018-12-09&chart_type=rank&table_selections=2114046&series=2114046
Online Shopping Japan,Keep at Shopping,https://www.appannie.com/apps/google-play/app/com.store.onlineshoppingjapan/details/,https://www.appannie.com/apps/google-play/app/com.store.onlineshoppingjapan/keywords/?countries=PH&device=&order_by=isPinned&order_type=desc&date=2018-11-10~2018-12-09&chart_type=rank&table_selections=2114046&series=2114046
Club Factory - Online Shopping App,Jiayun,https://www.appannie.com/apps/google-play/app/club.fromfactory/details/,https://www.appannie.com/apps/google-play/app/club.fromfactory/keywords/?countries=PH&device=&order_by=isPinned&order_type=desc&date=2018-11-10~2018-12-09&chart_type=rank&table_selections=2114046&series=2114046
******,******,https://www.appannie.com/content-not-available,https://www.appannie.com/content-not-akeywords/?countries=PH&device=&order_by=isPinned&order_type=desc&date=2018-11-10~2018-12-09&chart_type=rank&table_selections=2114046&series=2114046
ALI Sale - 购物应用程序与销售，express 交付,Fitness Studio Pro,https://www.appannie.com/apps/google-play/app/app.shopping.ali.express/details/,https://www.appannie.com/apps/google-play/app/app.shopping.ali.express/keywords/?countries=PH&device=&order_by=isPinned&order_type=desc&date=2018-11-10~2018-12-09&chart_type=rank&table_selections=2114046&series=2114046
Dress.ph,北京乐勤瑞恒技术团队,https://www.appannie.com/apps/google-play/app/com.wta.NewCloudApp.jiuwei200505/details/,https://www.appannie.com/apps/google-play/app/com.wta.NewCloudApp.jiuwei200505/keywords/?countries=PH&device=&order_by=isPinned&order_type=desc&date=2018-11-10~2018-12-09&chart_type=rank&table_selections=2114046&series=2114046
Online Shopping Philippines,TWKidsApps,https://www.appannie.com/apps/google-play/app/com.philippines.onlineshoppingmanila/details/,https://www.appannie.com/apps/google-play/app/com.philippines.onlineshoppingmanila/keywords/?countries=PH&device=&order_by=isPinned&order_type=desc&date=2018-11-10~2018-12-09&chart_type=rank&table_selections=2114046&series=2114046
淘宝,Taobao,https://www.appannie.com/apps/google-play/app/com.taobao.taobao/details/,https://www.appannie.com/apps/google-play/app/com.taobao.taobao/keywords/?countries=PH&device=&order_by=isPinned&order_type=desc&date=2018-11-10~2018-12-09&chart_type=rank&table_selections=2114046&series=2114046
Locanto – FREE CLASSIFIEDS,Yalwa,https://www.appannie.com/apps/google-play/app/de.locanto.app/details/,https://www.appannie.com/apps/google-play/app/de.locanto.app/keywords/?countries=PH&device=&order_by=isPinned&order_type=desc&date=2018-11-10~2018-12-09&chart_type=rank&table_selections=2114046&series=2114046
Soufeel - Personalized Jewelry,SOUFEEL JEWELRY LIMITED,https://www.appannie.com/apps/google-play/app/com.Soufeel/details/,https://www.appannie.com/apps/google-play/app/com.Soufeel/keywords/?countries=PH&device=&order_by=isPinned&order_type=desc&date=2018-11-10~2018-12-09&chart_type=rank&table_selections=2114046&series=2114046
GearBest Online Shopping,GEARBEST(HONGKONG)LIMITED,https://www.appannie.com/apps/google-play/app/com.globalegrow.app.gearbest/details/,https://www.appannie.com/apps/google-play/app/com.globalegrow.app.gearbest/keywords/?countries=PH&device=&order_by=isPinned&order_type=desc&date=2018-11-10~2018-12-09&chart_type=rank&table_selections=2114046&series=2114046
Shopwise Wise App,Shopwise Philippines,https://www.appannie.com/apps/google-play/app/com.tcc.shopwise/details/,https://www.appannie.com/apps/google-play/app/com.tcc.shopwise/keywords/?countries=PH&device=&order_by=isPinned&order_type=desc&date=2018-11-10~2018-12-09&chart_type=rank&table_selections=2114046&series=2114046
AWOK.com,AWOK,https://www.appannie.com/apps/google-play/app/com.awok.store/details/,https://www.appannie.com/apps/google-play/app/com.awok.store/keywords/?countries=PH&device=&order_by=isPinned&order_type=desc&date=2018-11-10~2018-12-09&chart_type=rank&table_selections=2114046&series=2114046
방탄소년단 공식쇼핑몰-BTS OFFICIAL SHOP,Koreacenter.com,https://www.appannie.com/apps/google-play/app/com.makeshop.powerapp.compactd/details/,https://www.appannie.com/apps/google-play/app/com.makeshop.powerapp.compactd/keywords/?countries=PH&device=&order_by=isPinned&order_type=desc&date=2018-11-10~2018-12-09&chart_type=rank&table_selections=2114046&series=2114046
CHARIS - Celeb's Secret,MAD Square,https://www.appannie.com/apps/google-play/app/com.madsquare.chariscommerce/details/,https://www.appannie.com/apps/google-play/app/com.madsquare.chariscommerce/keywords/?countries=PH&device=&order_by=isPinned&order_type=desc&date=2018-11-10~2018-12-09&chart_type=rank&table_selections=2114046&series=2114046
Super8 Rewards,Philippine Inquirer,https://www.appannie.com/apps/google-play/app/com.megamobile.super8/details/,https://www.appannie.com/apps/google-play/app/com.megamobile.super8/keywords/?countries=PH&device=&order_by=isPinned&order_type=desc&date=2018-11-10~2018-12-09&chart_type=rank&table_selections=2114046&series=2114046
Barcode Reader,HL Media.JSC,https://www.appannie.com/apps/google-play/app/com.hl.media.barcode.reader.free/details/,https://www.appannie.com/apps/google-play/app/com.hl.media.barcode.reader.free/keywords/?countries=PH&device=&order_by=isPinned&order_type=desc&date=2018-11-10~2018-12-09&chart_type=rank&table_selections=2114046&series=2114046
Mobile Recharge DTH Bill Payment Money Transfer,Paytm,https://www.appannie.com/apps/google-play/app/net.one97.paytm/details/,https://www.appannie.com/apps/google-play/app/net.one97.paytm/keywords/?countries=PH&device=&order_by=isPinned&order_type=desc&date=2018-11-10~2018-12-09&chart_type=rank&table_selections=2114046&series=2114046
Namshi Online Fashion Shopping,Namshi,https://www.appannie.com/apps/google-play/app/com.namshi.android/details/,https://www.appannie.com/apps/google-play/app/com.namshi.android/keywords/?countries=PH&device=&order_by=isPinned&order_type=desc&date=2018-11-10~2018-12-09&chart_type=rank&table_selections=2114046&series=2114046
条码二维码扫描器专业版,Geeks.Lab.2015,https://www.appannie.com/apps/google-play/app/com.geekslab.qrbarcodescanner.pro/details/,https://www.appannie.com/apps/google-play/app/com.geekslab.qrbarcodescanner.pro/keywords/?countries=PH&device=&order_by=isPinned&order_type=desc&date=2018-11-10~2018-12-09&chart_type=rank&table_selections=2114046&series=2114046
Acienda Rewards,Acienda Designer Outlet,https://www.appannie.com/apps/google-play/app/com.cathaylandinc.aciendarewards/details/,https://www.appannie.com/apps/google-play/app/com.cathaylandinc.aciendarewards/keywords/?countries=PH&device=&order_by=isPinned&order_type=desc&date=2018-11-10~2018-12-09&chart_type=rank&table_selections=2114046&series=2114046
Waltermart Grocery Delivery,Waltermart Supermarket Inc.,https://www.appannie.com/apps/google-play/app/com.waltermart.android.google.consumer/details/,https://www.appannie.com/apps/google-play/app/com.waltermart.android.google.consumer/keywords/?countries=PH&device=&order_by=isPinned&order_type=desc&date=2018-11-10~2018-12-09&chart_type=rank&table_selections=2114046&series=2114046
Sulit.PH Buy and Sell Philippines Shopping,SULIT.PH,https://www.appannie.com/apps/google-play/app/com.app.sulit/details/,https://www.appannie.com/apps/google-play/app/com.app.sulit/keywords/?countries=PH&device=&order_by=isPinned&order_type=desc&date=2018-11-10~2018-12-09&chart_type=rank&table_selections=2114046&series=2114046
Out of - Grocery Shopping List,Need to Buy,https://www.appannie.com/apps/google-play/app/com.minhtinh.outof.grocerylistapp/details/,https://www.appannie.com/apps/google-play/app/com.minhtinh.outof.grocerylistapp/keywords/?countries=PH&device=&order_by=isPinned&order_type=desc&date=2018-11-10~2018-12-09&chart_type=rank&table_selections=2114046&series=2114046
Philippines Online Shopping Sites - Online Store,Cam-Techno168,https://www.appannie.com/apps/google-play/app/philippines.ph.philippinesonlineshops/details/,https://www.appannie.com/apps/google-play/app/philippines.ph.philippinesonlineshops/keywords/?countries=PH&device=&order_by=isPinned&order_type=desc&date=2018-11-10~2018-12-09&chart_type=rank&table_selections=2114046&series=2114046
Expee,Xpee Inc.,https://www.appannie.com/apps/google-play/app/com.fourello.expee/details/,https://www.appannie.com/apps/google-play/app/com.fourello.expee/keywords/?countries=PH&device=&order_by=isPinned&order_type=desc&date=2018-11-10~2018-12-09&chart_type=rank&table_selections=2114046&series=2114046
Wholesale Shopping Factory Price Club First Copy,Noob Developers,https://www.appannie.com/apps/google-play/app/free.fancy.wanelo.dropship.factoryprice.wholesale.bestsdeals.free.com.bestdeals/details/,https://www.appannie.com/apps/google-play/app/free.fancy.wanelo.dropship.factoryprice.wholesale.bestsdeals.free.com.bestdeals/keywords/?countries=PH&device=&order_by=isPinned&order_type=desc&date=2018-11-10~2018-12-09&chart_type=rank&table_selections=2114046&series=2114046
Online Shopping Malaysia,Team Sparkling,https://www.appannie.com/apps/google-play/app/online.malaysia.shopping/details/,https://www.appannie.com/apps/google-play/app/online.malaysia.shopping/keywords/?countries=PH&device=&order_by=isPinned&order_type=desc&date=2018-11-10~2018-12-09&chart_type=rank&table_selections=2114046&series=2114046
颜色清单,Kenzap Ltd,https://www.appannie.com/apps/google-play/app/com.kenzap.checklist/details/,https://www.appannie.com/apps/google-play/app/com.kenzap.checklist/keywords/?countries=PH&device=&order_by=isPinned&order_type=desc&date=2018-11-10~2018-12-09&chart_type=rank&table_selections=2114046&series=2114046
Buy Sell Trade: Philippines,PinoyBay,https://www.appannie.com/apps/google-play/app/com.pinoybay.app.pinoybay/details/,https://www.appannie.com/apps/google-play/app/com.pinoybay.app.pinoybay/keywords/?countries=PH&device=&order_by=isPinned&order_type=desc&date=2018-11-10~2018-12-09&chart_type=rank&table_selections=2114046&series=2114046
YesStyle,YESSTYLE.COM LIMITED,https://www.appannie.com/apps/google-play/app/com.yesstyle.android/details/,https://www.appannie.com/apps/google-play/app/com.yesstyle.android/keywords/?countries=PH&device=&order_by=isPinned&order_type=desc&date=2018-11-10~2018-12-09&chart_type=rank&table_selections=2114046&series=2114046
Personal Collection,Personal Collection Direct Selling Inc.,https://www.appannie.com/apps/google-play/app/com.appbuilder.u1871331p2188276/details/,https://www.appannie.com/apps/google-play/app/com.appbuilder.u1871331p2188276/keywords/?countries=PH&device=&order_by=isPinned&order_type=desc&date=2018-11-10~2018-12-09&chart_type=rank&table_selections=2114046&series=2114046
Apps sale - apps gone free - apps promo codes,Neelam Bhanushali,https://www.appannie.com/apps/google-play/app/com.greatapps.appssales/details/,https://www.appannie.com/apps/google-play/app/com.greatapps.appssales/keywords/?countries=PH&device=&order_by=isPinned&order_type=desc&date=2018-11-10~2018-12-09&chart_type=rank&table_selections=2114046&series=2114046
Sun & Sand Sports,Sun & Sand Sports L.L.C,https://www.appannie.com/apps/google-play/app/com.sssports.sssports/details/,https://www.appannie.com/apps/google-play/app/com.sssports.sssports/keywords/?countries=PH&device=&order_by=isPinned&order_type=desc&date=2018-11-10~2018-12-09&chart_type=rank&table_selections=2114046&series=2114046
Etsy: Handmade & Vintage Goods,Etsy,https://www.appannie.com/apps/google-play/app/com.etsy.android/details/,https://www.appannie.com/apps/google-play/app/com.etsy.android/keywords/?countries=PH&device=&order_by=isPinned&order_type=desc&date=2018-11-10~2018-12-09&chart_type=rank&table_selections=2114046&series=2114046
Yoins - Fashion Clothing,Yoins,https://www.appannie.com/apps/google-play/app/com.yoinsapp/details/,https://www.appannie.com/apps/google-play/app/com.yoinsapp/keywords/?countries=PH&device=&order_by=isPinned&order_type=desc&date=2018-11-10~2018-12-09&chart_type=rank&table_selections=2114046&series=2114046
Gmarket Global [中文],GMARKET,https://www.appannie.com/apps/google-play/app/com.ebay.global.gmarket/details/,https://www.appannie.com/apps/google-play/app/com.ebay.global.gmarket/keywords/?countries=PH&device=&order_by=isPinned&order_type=desc&date=2018-11-10~2018-12-09&chart_type=rank&table_selections=2114046&series=2114046
Centrepoint Online - سنتربوينت,Landmark Retail Limited,https://www.appannie.com/apps/google-play/app/com.landmarkgroup.centrepointstores/details/,https://www.appannie.com/apps/google-play/app/com.landmarkgroup.centrepointstores/keywords/?countries=PH&device=&order_by=isPinned&order_type=desc&date=2018-11-10~2018-12-09&chart_type=rank&table_selections=2114046&series=2114046
Elfster Secret Santa Generator and Wish List App,Elfster,https://www.appannie.com/apps/google-play/app/com.elfster.elfdroid/details/,https://www.appannie.com/apps/google-play/app/com.elfster.elfdroid/keywords/?countries=PH&device=&order_by=isPinned&order_type=desc&date=2018-11-10~2018-12-09&chart_type=rank&table_selections=2114046&series=2114046
HBX | 购买最新时尚服饰及鞋款,Hypebeast,https://www.appannie.com/apps/google-play/app/com.hypebeast.store/details/,https://www.appannie.com/apps/google-play/app/com.hypebeast.store/keywords/?countries=PH&device=&order_by=isPinned&order_type=desc&date=2018-11-10~2018-12-09&chart_type=rank&table_selections=2114046&series=2114046
Newegg Global,Newegg,https://www.appannie.com/apps/google-play/app/com.newegg.global.android/details/,https://www.appannie.com/apps/google-play/app/com.newegg.global.android/keywords/?countries=PH&device=&order_by=isPinned&order_type=desc&date=2018-11-10~2018-12-09&chart_type=rank&table_selections=2114046&series=2114046
MR.SUKIMOAKO,MR.SUKIMOAKO,https://www.appannie.com/apps/google-play/app/mrsukimoako.android.app/details/,https://www.appannie.com/apps/google-play/app/mrsukimoako.android.app/keywords/?countries=PH&device=&order_by=isPinned&order_type=desc&date=2018-11-10~2018-12-09&chart_type=rank&table_selections=2114046&series=2114046
最安全的免费 QRCode 阅读器,Application4u,https://www.appannie.com/apps/google-play/app/com.application_4u.qrcode.barcode/details/,https://www.appannie.com/apps/google-play/app/com.application_4u.qrcode.barcode/keywords/?countries=PH&device=&order_by=isPinned&order_type=desc&date=2018-11-10~2018-12-09&chart_type=rank&table_selections=2114046&series=2114046
Courier Tracking - All In One,PTL Infotech,https://www.appannie.com/apps/google-play/app/courier.tracking.all/details/,https://www.appannie.com/apps/google-play/app/courier.tracking.all/keywords/?countries=PH&device=&order_by=isPinned&order_type=desc&date=2018-11-10~2018-12-09&chart_type=rank&table_selections=2114046&series=2114046
CheapDeals.ph - Online Shopping & Travel Deals,CheapDeals Mobile,https://www.appannie.com/apps/google-play/app/com.app.cheapdeals/details/,https://www.appannie.com/apps/google-play/app/com.app.cheapdeals/keywords/?countries=PH&device=&order_by=isPinned&order_type=desc&date=2018-11-10~2018-12-09&chart_type=rank&table_selections=2114046&series=2114046
宝石经典三消：远古埃及,Game Guide Stuido,https://www.appannie.com/apps/google-play/app/usBobble.jewel.egypt.diamond.match3/details/,https://www.appannie.com/apps/google-play/app/usBobble.jewel.egypt.diamond.match3/keywords/?countries=PH&device=&order_by=isPinned&order_type=desc&date=2018-11-10~2018-12-09&chart_type=rank&table_selections=2114046&series=2114046
Farfetch：冬季高端品牌服装、鞋履、包包、配饰等设计师精品，一站式时尚购物平台，海淘高手必选。,Farfetch,https://www.appannie.com/apps/google-play/app/com.farfetch.farfetchshop/details/,https://www.appannie.com/apps/google-play/app/com.farfetch.farfetchshop/keywords/?countries=PH&device=&order_by=isPinned&order_type=desc&date=2018-11-10~2018-12-09&chart_type=rank&table_selections=2114046&series=2114046
Boardwalk Catalog,Boardwalk Business Ventures Inc.,https://www.appannie.com/apps/google-play/app/com.catalog.myapp.free/details/,https://www.appannie.com/apps/google-play/app/com.catalog.myapp.free/keywords/?countries=PH&device=&order_by=isPinned&order_type=desc&date=2018-11-10~2018-12-09&chart_type=rank&table_selections=2114046&series=2114046
Flipkart Online Shopping App,Flipkart,https://www.appannie.com/apps/google-play/app/com.flipkart.android/details/,https://www.appannie.com/apps/google-play/app/com.flipkart.android/keywords/?countries=PH&device=&order_by=isPinned&order_type=desc&date=2018-11-10~2018-12-09&chart_type=rank&table_selections=2114046&series=2114046
Ezshop,ТОО Maint,https://www.appannie.com/apps/google-play/app/ezshop.kz/details/,https://www.appannie.com/apps/google-play/app/ezshop.kz/keywords/?countries=PH&device=&order_by=isPinned&order_type=desc&date=2018-11-10~2018-12-09&chart_type=rank&table_selections=2114046&series=2114046
CHARLES & KEITH,CharlesKeith.com,https://www.appannie.com/apps/google-play/app/com.project.CK/details/,https://www.appannie.com/apps/google-play/app/com.project.CK/keywords/?countries=PH&device=&order_by=isPinned&order_type=desc&date=2018-11-10~2018-12-09&chart_type=rank&table_selections=2114046&series=2114046
Online Toys Shop,mobile app world,https://www.appannie.com/apps/google-play/app/com.appybuilder.dhirajanand2009.OnlineToysShop/details/,https://www.appannie.com/apps/google-play/app/com.appybuilder.dhirajanand2009.OnlineToysShop/keywords/?countries=PH&device=&order_by=isPinned&order_type=desc&date=2018-11-10~2018-12-09&chart_type=rank&table_selections=2114046&series=2114046
CloudMall - Match Your Insta Style,CloudMall,https://www.appannie.com/apps/google-play/app/ai.cloudmall.android/details/,https://www.appannie.com/apps/google-play/app/ai.cloudmall.android/keywords/?countries=PH&device=&order_by=isPinned&order_type=desc&date=2018-11-10~2018-12-09&chart_type=rank&table_selections=2114046&series=2114046
Primty - 制作自己的T恤,Siembra Digital Marketing,https://www.appannie.com/apps/google-play/app/app.stampify.com/details/,https://www.appannie.com/apps/google-play/app/app.stampify.com/keywords/?countries=PH&device=&order_by=isPinned&order_type=desc&date=2018-11-10~2018-12-09&chart_type=rank&table_selections=2114046&series=2114046
亚马逊 HD,Amazon,https://www.appannie.com/apps/google-play/app/com.amazon.windowshop/details/,https://www.appannie.com/apps/google-play/app/com.amazon.windowshop/keywords/?countries=PH&device=&order_by=isPinned&order_type=desc&date=2018-11-10~2018-12-09&chart_type=rank&table_selections=2114046&series=2114046
Smart Closet 掌上衣橱 - 我的时尚风格,Rabbit Tech Inc,https://www.appannie.com/apps/google-play/app/com.rkk.closet/details/,https://www.appannie.com/apps/google-play/app/com.rkk.closet/keywords/?countries=PH&device=&order_by=isPinned&order_type=desc&date=2018-11-10~2018-12-09&chart_type=rank&table_selections=2114046&series=2114046
쿠팡 (Coupang),Coupang,https://www.appannie.com/apps/google-play/app/com.coupang.mobile/details/,https://www.appannie.com/apps/google-play/app/com.coupang.mobile/keywords/?countries=PH&device=&order_by=isPinned&order_type=desc&date=2018-11-10~2018-12-09&chart_type=rank&table_selections=2114046&series=2114046
letgo: Buy & Sell Used Stuff Cars & Real Estate,letgo,https://www.appannie.com/apps/google-play/app/com.abtnprojects.ambatana/details/,https://www.appannie.com/apps/google-play/app/com.abtnprojects.ambatana/keywords/?countries=PH&device=&order_by=isPinned&order_type=desc&date=2018-11-10~2018-12-09&chart_type=rank&table_selections=2114046&series=2114046
Bershka - Fashion and trends online,Inditex,https://www.appannie.com/apps/google-play/app/com.inditex.ecommerce.bershka/details/,https://www.appannie.com/apps/google-play/app/com.inditex.ecommerce.bershka/keywords/?countries=PH&device=&order_by=isPinned&order_type=desc&date=2018-11-10~2018-12-09&chart_type=rank&table_selections=2114046&series=2114046
