Paytm- Payments & Bank Account,Paytm,https://www.appannie.com/apps/ios/app/recharge-shop-and-wallet/details/,https://www.appannie.com/apps/ios/app/recharge-shop-and-wallet/keywords/?countries=IN&device=iphone&order_by=isPinned&order_type=desc&date=2018-12-03~2019-01-01&chart_type=rank&table_selections=199&series=199
Amazon - Shopping made easy,Amazon,https://www.appannie.com/apps/ios/app/amazon-app-shop-browse-scan/details/,https://www.appannie.com/apps/ios/app/amazon-app-shop-browse-scan/keywords/?countries=IN&device=iphone&order_by=isPinned&order_type=desc&date=2018-12-03~2019-01-01&chart_type=rank&table_selections=199&series=199
Myntra - Fashion Shopping App,Myntra,https://www.appannie.com/apps/ios/app/myntra-fashion-shopping-app/details/,https://www.appannie.com/apps/ios/app/myntra-fashion-shopping-app/keywords/?countries=IN&device=iphone&order_by=isPinned&order_type=desc&date=2018-12-03~2019-01-01&chart_type=rank&table_selections=199&series=199
Flipkart - Online Shopping App,Flipkart,https://www.appannie.com/apps/ios/app/flipkart-online-shopping-app/details/,https://www.appannie.com/apps/ios/app/flipkart-online-shopping-app/keywords/?countries=IN&device=iphone&order_by=isPinned&order_type=desc&date=2018-12-03~2019-01-01&chart_type=rank&table_selections=199&series=199
SHEIN-Fashion Shopping Online,Shein,https://www.appannie.com/apps/ios/app/the-yub-shop-for-less/details/,https://www.appannie.com/apps/ios/app/the-yub-shop-for-less/keywords/?countries=IN&device=iphone&order_by=isPinned&order_type=desc&date=2018-12-03~2019-01-01&chart_type=rank&table_selections=199&series=199
Club Factory-Unbeaten Price,Jiayun,https://www.appannie.com/apps/ios/app/club-factory/details/,https://www.appannie.com/apps/ios/app/club-factory/keywords/?countries=IN&device=iphone&order_by=isPinned&order_type=desc&date=2018-12-03~2019-01-01&chart_type=rank&table_selections=199&series=199
ZAFUL - My Fashion Story,ZAFUL,https://www.appannie.com/apps/ios/app/1078789949/details/,https://www.appannie.com/apps/ios/app/1078789949/keywords/?countries=IN&device=iphone&order_by=isPinned&order_type=desc&date=2018-12-03~2019-01-01&chart_type=rank&table_selections=199&series=199
Lenskart - Online Shopping App,Lenskart,https://www.appannie.com/apps/ios/app/lenskart-log-on-play-on/details/,https://www.appannie.com/apps/ios/app/lenskart-log-on-play-on/keywords/?countries=IN&device=iphone&order_by=isPinned&order_type=desc&date=2018-12-03~2019-01-01&chart_type=rank&table_selections=199&series=199
OLX: Buy & Sell near you,OLX,https://www.appannie.com/apps/ios/app/olx-local-classifieds/details/,https://www.appannie.com/apps/ios/app/olx-local-classifieds/keywords/?countries=IN&device=iphone&order_by=isPinned&order_type=desc&date=2018-12-03~2019-01-01&chart_type=rank&table_selections=199&series=199
AJIO Online Shopping App,Reliance Retail,https://www.appannie.com/apps/ios/app/ajio-online-shopping-app/details/,https://www.appannie.com/apps/ios/app/ajio-online-shopping-app/keywords/?countries=IN&device=iphone&order_by=isPinned&order_type=desc&date=2018-12-03~2019-01-01&chart_type=rank&table_selections=199&series=199
Snapdeal: Online Shopping App,Snapdeal,https://www.appannie.com/apps/ios/app/snapdeal-online-shopping-india/details/,https://www.appannie.com/apps/ios/app/snapdeal-online-shopping-india/keywords/?countries=IN&device=iphone&order_by=isPinned&order_type=desc&date=2018-12-03~2019-01-01&chart_type=rank&table_selections=199&series=199
Nykaa – Makeup/Beauty Shopping,FSN Ecommerce Ventures,https://www.appannie.com/apps/ios/app/nykaa/details/,https://www.appannie.com/apps/ios/app/nykaa/keywords/?countries=IN&device=iphone&order_by=isPinned&order_type=desc&date=2018-12-03~2019-01-01&chart_type=rank&table_selections=199&series=199
bigbasket - Grocery Delivery,BigBasket.com,https://www.appannie.com/apps/ios/app/bigbasketcom/details/,https://www.appannie.com/apps/ios/app/bigbasketcom/keywords/?countries=IN&device=iphone&order_by=isPinned&order_type=desc&date=2018-12-03~2019-01-01&chart_type=rank&table_selections=199&series=199
Tata CLiQ -Online Shopping App,Tata Unistore,https://www.appannie.com/apps/ios/app/tata-cliq-online-shopping-app-india/details/,https://www.appannie.com/apps/ios/app/tata-cliq-online-shopping-app-india/keywords/?countries=IN&device=iphone&order_by=isPinned&order_type=desc&date=2018-12-03~2019-01-01&chart_type=rank&table_selections=199&series=199
Future Pay,Future Group,https://www.appannie.com/apps/ios/app/future-pay/details/,https://www.appannie.com/apps/ios/app/future-pay/keywords/?countries=IN&device=iphone&order_by=isPinned&order_type=desc&date=2018-12-03~2019-01-01&chart_type=rank&table_selections=199&series=199
KOOVS - ONLINE SHOPPING APP,Koovs,https://www.appannie.com/apps/ios/app/koovs-the-online-fashion-store/details/,https://www.appannie.com/apps/ios/app/koovs-the-online-fashion-store/keywords/?countries=IN&device=iphone&order_by=isPinned&order_type=desc&date=2018-12-03~2019-01-01&chart_type=rank&table_selections=199&series=199
ZARA,Inditex,https://www.appannie.com/apps/ios/app/zara-for-iphone/details/,https://www.appannie.com/apps/ios/app/zara-for-iphone/keywords/?countries=IN&device=iphone&order_by=isPinned&order_type=desc&date=2018-12-03~2019-01-01&chart_type=rank&table_selections=199&series=199
H&M App,H&M,https://www.appannie.com/apps/ios/app/h-m-app/details/,https://www.appannie.com/apps/ios/app/h-m-app/keywords/?countries=IN&device=iphone&order_by=isPinned&order_type=desc&date=2018-12-03~2019-01-01&chart_type=rank&table_selections=199&series=199
Jabong - Fashion Shopping App,Jabong,https://www.appannie.com/apps/ios/app/jabong-online-shopping-for-fashion/details/,https://www.appannie.com/apps/ios/app/jabong-online-shopping-for-fashion/keywords/?countries=IN&device=iphone&order_by=isPinned&order_type=desc&date=2018-12-03~2019-01-01&chart_type=rank&table_selections=199&series=199
Bewakoof Online Shopping App,Bewakoof,https://www.appannie.com/apps/ios/app/bewakoof/details/,https://www.appannie.com/apps/ios/app/bewakoof/keywords/?countries=IN&device=iphone&order_by=isPinned&order_type=desc&date=2018-12-03~2019-01-01&chart_type=rank&table_selections=199&series=199
Zivame,Zivame,https://www.appannie.com/apps/ios/app/zivame/details/,https://www.appannie.com/apps/ios/app/zivame/keywords/?countries=IN&device=iphone&order_by=isPinned&order_type=desc&date=2018-12-03~2019-01-01&chart_type=rank&table_selections=199&series=199
Pepperfry,Pepperfry,https://www.appannie.com/apps/ios/app/pepperfry/details/,https://www.appannie.com/apps/ios/app/pepperfry/keywords/?countries=IN&device=iphone&order_by=isPinned&order_type=desc&date=2018-12-03~2019-01-01&chart_type=rank&table_selections=199&series=199
Quikr: Local Classifieds,Quikr,https://www.appannie.com/apps/ios/app/quikr-free-local-classifieds/details/,https://www.appannie.com/apps/ios/app/quikr-free-local-classifieds/keywords/?countries=IN&device=iphone&order_by=isPinned&order_type=desc&date=2018-12-03~2019-01-01&chart_type=rank&table_selections=199&series=199
AliExpress Shopping App,Alibaba,https://www.appannie.com/apps/ios/app/aliexpress-shopping-app/details/,https://www.appannie.com/apps/ios/app/aliexpress-shopping-app/keywords/?countries=IN&device=iphone&order_by=isPinned&order_type=desc&date=2018-12-03~2019-01-01&chart_type=rank&table_selections=199&series=199
Grofers - Online Grocery,Locodel Solutions,https://www.appannie.com/apps/ios/app/grofers-grocery-shopping/details/,https://www.appannie.com/apps/ios/app/grofers-grocery-shopping/keywords/?countries=IN&device=iphone&order_by=isPinned&order_type=desc&date=2018-12-03~2019-01-01&chart_type=rank&table_selections=199&series=199
Dunzo: 24x7 delivery,Dunzo,https://www.appannie.com/apps/ios/app/dunzoit/details/,https://www.appannie.com/apps/ios/app/dunzoit/keywords/?countries=IN&device=iphone&order_by=isPinned&order_type=desc&date=2018-12-03~2019-01-01&chart_type=rank&table_selections=199&series=199
Limeroad Shopping,Limeroad,https://www.appannie.com/apps/ios/app/limeroad-shopping/details/,https://www.appannie.com/apps/ios/app/limeroad-shopping/keywords/?countries=IN&device=iphone&order_by=isPinned&order_type=desc&date=2018-12-03~2019-01-01&chart_type=rank&table_selections=199&series=199
FirstCry: Baby & Kids,FirstCry.com,https://www.appannie.com/apps/ios/app/firstcrycom-online-shopping/details/,https://www.appannie.com/apps/ios/app/firstcrycom-online-shopping/keywords/?countries=IN&device=iphone&order_by=isPinned&order_type=desc&date=2018-12-03~2019-01-01&chart_type=rank&table_selections=199&series=199
Tata CLiQ Luxury,Tata Unistore,https://www.appannie.com/apps/ios/app/tatacliq-luxury/details/,https://www.appannie.com/apps/ios/app/tatacliq-luxury/keywords/?countries=IN&device=iphone&order_by=isPinned&order_type=desc&date=2018-12-03~2019-01-01&chart_type=rank&table_selections=199&series=199
Prime Now,Amazon,https://www.appannie.com/apps/ios/app/amazon-now-grocery-shopping/details/,https://www.appannie.com/apps/ios/app/amazon-now-grocery-shopping/keywords/?countries=IN&device=iphone&order_by=isPinned&order_type=desc&date=2018-12-03~2019-01-01&chart_type=rank&table_selections=199&series=199
Shoppers Stop Fashion Shopping,Shoppers Stop,https://www.appannie.com/apps/ios/app/shoppers-stop/details/,https://www.appannie.com/apps/ios/app/shoppers-stop/keywords/?countries=IN&device=iphone&order_by=isPinned&order_type=desc&date=2018-12-03~2019-01-01&chart_type=rank&table_selections=199&series=199
Hopscotch – Find something new,Hopscotch,https://www.appannie.com/apps/ios/app/hopscotch-find-something-new-every-day-for-you-and-your-baby/details/,https://www.appannie.com/apps/ios/app/hopscotch-find-something-new-every-day-for-you-and-your-baby/keywords/?countries=IN&device=iphone&order_by=isPinned&order_type=desc&date=2018-12-03~2019-01-01&chart_type=rank&table_selections=199&series=199
Apple Store,Apple,https://www.appannie.com/apps/ios/app/apple-store/details/,https://www.appannie.com/apps/ios/app/apple-store/keywords/?countries=IN&device=iphone&order_by=isPinned&order_type=desc&date=2018-12-03~2019-01-01&chart_type=rank&table_selections=199&series=199
Max Fashion,Landmark Online India Private Limited,https://www.appannie.com/apps/ios/app/max-fashion/details/,https://www.appannie.com/apps/ios/app/max-fashion/keywords/?countries=IN&device=iphone&order_by=isPinned&order_type=desc&date=2018-12-03~2019-01-01&chart_type=rank&table_selections=199&series=199
Paytm Mall : Online Shopping,Paytm,https://www.appannie.com/apps/ios/app/1157845438/details/,https://www.appannie.com/apps/ios/app/1157845438/keywords/?countries=IN&device=iphone&order_by=isPinned&order_type=desc&date=2018-12-03~2019-01-01&chart_type=rank&table_selections=199&series=199
Cashify - Sell Used Gadgets,ReGlobe,https://www.appannie.com/apps/ios/app/cashify/details/,https://www.appannie.com/apps/ios/app/cashify/keywords/?countries=IN&device=iphone&order_by=isPinned&order_type=desc&date=2018-12-03~2019-01-01&chart_type=rank&table_selections=199&series=199
PAYBACK INDIA,Payback GmbH,https://www.appannie.com/apps/ios/app/payback-india/details/,https://www.appannie.com/apps/ios/app/payback-india/keywords/?countries=IN&device=iphone&order_by=isPinned&order_type=desc&date=2018-12-03~2019-01-01&chart_type=rank&table_selections=199&series=199
Lifestyle India,Landmark Online India Private Limited,https://www.appannie.com/apps/ios/app/lifestyle-india/details/,https://www.appannie.com/apps/ios/app/lifestyle-india/keywords/?countries=IN&device=iphone&order_by=isPinned&order_type=desc&date=2018-12-03~2019-01-01&chart_type=rank&table_selections=199&series=199
StalkBuyLove - Women Fashion,Ad Victoriam Ventures Pvt. Ltd.,https://www.appannie.com/apps/ios/app/stalkbuylove-womens-fashion/details/,https://www.appannie.com/apps/ios/app/stalkbuylove-womens-fashion/keywords/?countries=IN&device=iphone&order_by=isPinned&order_type=desc&date=2018-12-03~2019-01-01&chart_type=rank&table_selections=199&series=199
Mi Store,Xiaomi,https://www.appannie.com/apps/ios/app/xiao-mi-shang-cheng-guo-ji-ban/details/,https://www.appannie.com/apps/ios/app/xiao-mi-shang-cheng-guo-ji-ban/keywords/?countries=IN&device=iphone&order_by=isPinned&order_type=desc&date=2018-12-03~2019-01-01&chart_type=rank&table_selections=199&series=199
ShopClues,ShopClues,https://www.appannie.com/apps/ios/app/shopclues.com/details/,https://www.appannie.com/apps/ios/app/shopclues.com/keywords/?countries=IN&device=iphone&order_by=isPinned&order_type=desc&date=2018-12-03~2019-01-01&chart_type=rank&table_selections=199&series=199
Wish - Shopping Made Fun,ContextLogic,https://www.appannie.com/apps/ios/app/wish-shopping-made-fun/details/,https://www.appannie.com/apps/ios/app/wish-shopping-made-fun/keywords/?countries=IN&device=iphone&order_by=isPinned&order_type=desc&date=2018-12-03~2019-01-01&chart_type=rank&table_selections=199&series=199
CarDekho,Girnar Software,https://www.appannie.com/apps/ios/app/cardekho/details/,https://www.appannie.com/apps/ios/app/cardekho/keywords/?countries=IN&device=iphone&order_by=isPinned&order_type=desc&date=2018-12-03~2019-01-01&chart_type=rank&table_selections=199&series=199
Lulu & Sky,Lulu and Sky Brands Private Limited,https://www.appannie.com/apps/ios/app/lulu-sky/details/,https://www.appannie.com/apps/ios/app/lulu-sky/keywords/?countries=IN&device=iphone&order_by=isPinned&order_type=desc&date=2018-12-03~2019-01-01&chart_type=rank&table_selections=199&series=199
eBay: Buy Sell & Save,eBay,https://www.appannie.com/apps/ios/app/ebay/details/,https://www.appannie.com/apps/ios/app/ebay/keywords/?countries=IN&device=iphone&order_by=isPinned&order_type=desc&date=2018-12-03~2019-01-01&chart_type=rank&table_selections=199&series=199
Banggood Easy Online Shopping,Banggood,https://www.appannie.com/apps/ios/app/banggood-shopping-with-fun/details/,https://www.appannie.com/apps/ios/app/banggood-shopping-with-fun/keywords/?countries=IN&device=iphone&order_by=isPinned&order_type=desc&date=2018-12-03~2019-01-01&chart_type=rank&table_selections=199&series=199
CarWale - Buy new used cars,CarWale,https://www.appannie.com/apps/ios/app/carwale/details/,https://www.appannie.com/apps/ios/app/carwale/keywords/?countries=IN&device=iphone&order_by=isPinned&order_type=desc&date=2018-12-03~2019-01-01&chart_type=rank&table_selections=199&series=199
Purplle - Beauty Shopping App,Purplle.com,https://www.appannie.com/apps/ios/app/purplle-beauty-friend-forever/details/,https://www.appannie.com/apps/ios/app/purplle-beauty-friend-forever/keywords/?countries=IN&device=iphone&order_by=isPinned&order_type=desc&date=2018-12-03~2019-01-01&chart_type=rank&table_selections=199&series=199
Urban Ladder,Urban Ladder,https://www.appannie.com/apps/ios/app/urban-ladder/details/,https://www.appannie.com/apps/ios/app/urban-ladder/keywords/?countries=IN&device=iphone&order_by=isPinned&order_type=desc&date=2018-12-03~2019-01-01&chart_type=rank&table_selections=199&series=199
Home Centre India,Landmark Online India Private Limited,https://www.appannie.com/apps/ios/app/home-centre-india/details/,https://www.appannie.com/apps/ios/app/home-centre-india/keywords/?countries=IN&device=iphone&order_by=isPinned&order_type=desc&date=2018-12-03~2019-01-01&chart_type=rank&table_selections=199&series=199
DMart Online Grocery Shopping,Avenue E-Commerce Ltd.,https://www.appannie.com/apps/ios/app/dmart-online-grocery-shop/details/,https://www.appannie.com/apps/ios/app/dmart-online-grocery-shop/keywords/?countries=IN&device=iphone&order_by=isPinned&order_type=desc&date=2018-12-03~2019-01-01&chart_type=rank&table_selections=199&series=199
Ferns N Petals: Flowers & Cake,Ferns N Petals Pvt. Ltd.,https://www.appannie.com/apps/ios/app/ferns-n-petals-flowers-cake-gifts-delivery-app/details/,https://www.appannie.com/apps/ios/app/ferns-n-petals-flowers-cake-gifts-delivery-app/keywords/?countries=IN&device=iphone&order_by=isPinned&order_type=desc&date=2018-12-03~2019-01-01&chart_type=rank&table_selections=199&series=199
Fynd - Online Shopping App,Shopsense,https://www.appannie.com/apps/ios/app/fynd-nearby-fashion-shopping/details/,https://www.appannie.com/apps/ios/app/fynd-nearby-fashion-shopping/keywords/?countries=IN&device=iphone&order_by=isPinned&order_type=desc&date=2018-12-03~2019-01-01&chart_type=rank&table_selections=199&series=199
CARS24 -Sell Car At Best Price,CARS24 Services Private Limited,https://www.appannie.com/apps/ios/app/cars24-sell-car-at-best-price/details/,https://www.appannie.com/apps/ios/app/cars24-sell-car-at-best-price/keywords/?countries=IN&device=iphone&order_by=isPinned&order_type=desc&date=2018-12-03~2019-01-01&chart_type=rank&table_selections=199&series=199
bbdaily,BigBasket.com,https://www.appannie.com/apps/ios/app/raincan/details/,https://www.appannie.com/apps/ios/app/raincan/keywords/?countries=IN&device=iphone&order_by=isPinned&order_type=desc&date=2018-12-03~2019-01-01&chart_type=rank&table_selections=199&series=199
Milkbasket: Hasslefree Grocery,Aaidea Solutions Private Limited,https://www.appannie.com/apps/ios/app/milkbasket/details/,https://www.appannie.com/apps/ios/app/milkbasket/keywords/?countries=IN&device=iphone&order_by=isPinned&order_type=desc&date=2018-12-03~2019-01-01&chart_type=rank&table_selections=199&series=199
Pigi Wholesale,Pigi Technologies,https://www.appannie.com/apps/ios/app/pigi/details/,https://www.appannie.com/apps/ios/app/pigi/keywords/?countries=IN&device=iphone&order_by=isPinned&order_type=desc&date=2018-12-03~2019-01-01&chart_type=rank&table_selections=199&series=199
BikeDekho,Girnar Software,https://www.appannie.com/apps/ios/app/bikedekho/details/,https://www.appannie.com/apps/ios/app/bikedekho/keywords/?countries=IN&device=iphone&order_by=isPinned&order_type=desc&date=2018-12-03~2019-01-01&chart_type=rank&table_selections=199&series=199
Spoyl,Spoyl,https://www.appannie.com/apps/ios/app/spoyl/details/,https://www.appannie.com/apps/ios/app/spoyl/keywords/?countries=IN&device=iphone&order_by=isPinned&order_type=desc&date=2018-12-03~2019-01-01&chart_type=rank&table_selections=199&series=199
Clovia - Lingerie Shopping App,Purple Panda Fashions Private Limited,https://www.appannie.com/apps/ios/app/clovia-lingerie-shopping-app/details/,https://www.appannie.com/apps/ios/app/clovia-lingerie-shopping-app/keywords/?countries=IN&device=iphone&order_by=isPinned&order_type=desc&date=2018-12-03~2019-01-01&chart_type=rank&table_selections=199&series=199
IKEA Store,IKEA,https://www.appannie.com/apps/ios/app/ikea-store/details/,https://www.appannie.com/apps/ios/app/ikea-store/keywords/?countries=IN&device=iphone&order_by=isPinned&order_type=desc&date=2018-12-03~2019-01-01&chart_type=rank&table_selections=199&series=199
Souq.com سوق.كوم,Souq.com,https://www.appannie.com/apps/ios/app/souqcom/details/,https://www.appannie.com/apps/ios/app/souqcom/keywords/?countries=IN&device=iphone&order_by=isPinned&order_type=desc&date=2018-12-03~2019-01-01&chart_type=rank&table_selections=199&series=199
Chumbak Store,Chumbak Design Private Limited,https://www.appannie.com/apps/ios/app/chumbak-store/details/,https://www.appannie.com/apps/ios/app/chumbak-store/keywords/?countries=IN&device=iphone&order_by=isPinned&order_type=desc&date=2018-12-03~2019-01-01&chart_type=rank&table_selections=199&series=199
StarQuik a TATA enterprise,StarQuik,https://www.appannie.com/apps/ios/app/starquik-a-tata-enterprise/details/,https://www.appannie.com/apps/ios/app/starquik-a-tata-enterprise/keywords/?countries=IN&device=iphone&order_by=isPinned&order_type=desc&date=2018-12-03~2019-01-01&chart_type=rank&table_selections=199&series=199
Rosegal,Rosegal,https://www.appannie.com/apps/ios/app/rosegal-chic-shopping-deals/details/,https://www.appannie.com/apps/ios/app/rosegal-chic-shopping-deals/keywords/?countries=IN&device=iphone&order_by=isPinned&order_type=desc&date=2018-12-03~2019-01-01&chart_type=rank&table_selections=199&series=199
NNNOW - Fashion Shopping App,Arvind Limited,https://www.appannie.com/apps/ios/app/nnnow-fashion-shopping-app/details/,https://www.appannie.com/apps/ios/app/nnnow-fashion-shopping-app/keywords/?countries=IN&device=iphone&order_by=isPinned&order_type=desc&date=2018-12-03~2019-01-01&chart_type=rank&table_selections=199&series=199
Metro Wholesale India,METRO Cash & Carry India Pvt. Ltd.,https://www.appannie.com/apps/ios/app/metro-wholesale-india/details/,https://www.appannie.com/apps/ios/app/metro-wholesale-india/keywords/?countries=IN&device=iphone&order_by=isPinned&order_type=desc&date=2018-12-03~2019-01-01&chart_type=rank&table_selections=199&series=199
Ola Money - Wallet & Payments,ANI Technologies,https://www.appannie.com/apps/ios/app/ola-money-the-smartest-way-to-pay/details/,https://www.appannie.com/apps/ios/app/ola-money-the-smartest-way-to-pay/keywords/?countries=IN&device=iphone&order_by=isPinned&order_type=desc&date=2018-12-03~2019-01-01&chart_type=rank&table_selections=199&series=199
Amazon Go,Amazon,https://www.appannie.com/apps/ios/app/amazon-go/details/,https://www.appannie.com/apps/ios/app/amazon-go/keywords/?countries=IN&device=iphone&order_by=isPinned&order_type=desc&date=2018-12-03~2019-01-01&chart_type=rank&table_selections=199&series=199
Phone Case Maker - DailyOrders,Outthinking electronics pvt ltd.,https://www.appannie.com/apps/ios/app/dailyorders-printed-products/details/,https://www.appannie.com/apps/ios/app/dailyorders-printed-products/keywords/?countries=IN&device=iphone&order_by=isPinned&order_type=desc&date=2018-12-03~2019-01-01&chart_type=rank&table_selections=199&series=199
Barcode Scanner - QR Scanner,MD Mokammal Hossain,https://www.appannie.com/apps/ios/app/barcode-scanner-qr-code-reader-qr-scanner/details/,https://www.appannie.com/apps/ios/app/barcode-scanner-qr-code-reader-qr-scanner/keywords/?countries=IN&device=iphone&order_by=isPinned&order_type=desc&date=2018-12-03~2019-01-01&chart_type=rank&table_selections=199&series=199
ROMWE - Fashion Store,Shein,https://www.appannie.com/apps/ios/app/romwe-shopping-fashion-clothing-for-women/details/,https://www.appannie.com/apps/ios/app/romwe-shopping-fashion-clothing-for-women/keywords/?countries=IN&device=iphone&order_by=isPinned&order_type=desc&date=2018-12-03~2019-01-01&chart_type=rank&table_selections=199&series=199
CoutLoot:Buy & Sell Cool Stuff,Jasmeet Thind,https://www.appannie.com/apps/ios/app/coutloot-buy-sell-preloved-fashion/details/,https://www.appannie.com/apps/ios/app/coutloot-buy-sell-preloved-fashion/keywords/?countries=IN&device=iphone&order_by=isPinned&order_type=desc&date=2018-12-03~2019-01-01&chart_type=rank&table_selections=199&series=199
Jollychic- جولي شيك,JOLLYCHIC,https://www.appannie.com/apps/ios/app/jollychic-affordable-fashion/details/,https://www.appannie.com/apps/ios/app/jollychic-affordable-fashion/keywords/?countries=IN&device=iphone&order_by=isPinned&order_type=desc&date=2018-12-03~2019-01-01&chart_type=rank&table_selections=199&series=199
KrazyBee,KrazyBee,https://www.appannie.com/apps/ios/app/krazybee/details/,https://www.appannie.com/apps/ios/app/krazybee/keywords/?countries=IN&device=iphone&order_by=isPinned&order_type=desc&date=2018-12-03~2019-01-01&chart_type=rank&table_selections=199&series=199
Barcode Reader for iPhone,TapMediaLTD,https://www.appannie.com/apps/ios/app/barcode-reader-for-iphone/details/,https://www.appannie.com/apps/ios/app/barcode-reader-for-iphone/keywords/?countries=IN&device=iphone&order_by=isPinned&order_type=desc&date=2018-12-03~2019-01-01&chart_type=rank&table_selections=199&series=199
BB Instant,BigBasket.com,https://www.appannie.com/apps/ios/app/bb-instant/details/,https://www.appannie.com/apps/ios/app/bb-instant/keywords/?countries=IN&device=iphone&order_by=isPinned&order_type=desc&date=2018-12-03~2019-01-01&chart_type=rank&table_selections=199&series=199
InstaCash - Sell Used Phone,Instant Consumer Tech Private Limited,https://www.appannie.com/apps/ios/app/instacash-sell-used-phone/details/,https://www.appannie.com/apps/ios/app/instacash-sell-used-phone/keywords/?countries=IN&device=iphone&order_by=isPinned&order_type=desc&date=2018-12-03~2019-01-01&chart_type=rank&table_selections=199&series=199
GearBest Online Shopping,TJ198 Network,https://www.appannie.com/apps/ios/app/gearbest-shopping/details/,https://www.appannie.com/apps/ios/app/gearbest-shopping/keywords/?countries=IN&device=iphone&order_by=isPinned&order_type=desc&date=2018-12-03~2019-01-01&chart_type=rank&table_selections=199&series=199
MyGlamm - Buy Makeup Products,Sanghvi Brands,https://www.appannie.com/apps/ios/app/myglamm-buy-makeup-products/details/,https://www.appannie.com/apps/ios/app/myglamm-buy-makeup-products/keywords/?countries=IN&device=iphone&order_by=isPinned&order_type=desc&date=2018-12-03~2019-01-01&chart_type=rank&table_selections=199&series=199
Amway India,Amway,https://www.appannie.com/apps/ios/app/amway-india-for-mobile/details/,https://www.appannie.com/apps/ios/app/amway-india-for-mobile/keywords/?countries=IN&device=iphone&order_by=isPinned&order_type=desc&date=2018-12-03~2019-01-01&chart_type=rank&table_selections=199&series=199
Niki: Utility bills Bus cabs,Techbins Solutions Private Limited,https://www.appannie.com/apps/ios/app/nikiai/details/,https://www.appannie.com/apps/ios/app/nikiai/keywords/?countries=IN&device=iphone&order_by=isPinned&order_type=desc&date=2018-12-03~2019-01-01&chart_type=rank&table_selections=199&series=199
The Dubai Mall,Emaar,https://www.appannie.com/apps/ios/app/the-dubai-mall/details/,https://www.appannie.com/apps/ios/app/the-dubai-mall/keywords/?countries=IN&device=iphone&order_by=isPinned&order_type=desc&date=2018-12-03~2019-01-01&chart_type=rank&table_selections=199&series=199
Vova - Get Gifts & Save Money,VOVA,https://www.appannie.com/apps/ios/app/1358582620/details/,https://www.appannie.com/apps/ios/app/1358582620/keywords/?countries=IN&device=iphone&order_by=isPinned&order_type=desc&date=2018-12-03~2019-01-01&chart_type=rank&table_selections=199&series=199
DailyObjects,Firki Wholesale Pvt. Ltd.,https://www.appannie.com/apps/ios/app/dailyobjects/details/,https://www.appannie.com/apps/ios/app/dailyobjects/keywords/?countries=IN&device=iphone&order_by=isPinned&order_type=desc&date=2018-12-03~2019-01-01&chart_type=rank&table_selections=199&series=199
MARUTI SUZUKI TRUE VALUE,Maruti Suzuki India Private Limited,https://www.appannie.com/apps/ios/app/maruti-suzuki-true-value/details/,https://www.appannie.com/apps/ios/app/maruti-suzuki-true-value/keywords/?countries=IN&device=iphone&order_by=isPinned&order_type=desc&date=2018-12-03~2019-01-01&chart_type=rank&table_selections=199&series=199
Craftsvilla Online Shopping,Craftsvilla Handicrafts Private Limited,https://www.appannie.com/apps/ios/app/craftsvilla-online-shopping/details/,https://www.appannie.com/apps/ios/app/craftsvilla-online-shopping/keywords/?countries=IN&device=iphone&order_by=isPinned&order_type=desc&date=2018-12-03~2019-01-01&chart_type=rank&table_selections=199&series=199
ASOS,ASOS Mobile,https://www.appannie.com/apps/ios/app/asos/details/,https://www.appannie.com/apps/ios/app/asos/keywords/?countries=IN&device=iphone&order_by=isPinned&order_type=desc&date=2018-12-03~2019-01-01&chart_type=rank&table_selections=199&series=199
Boodmo,OPSUS UAB,https://www.appannie.com/apps/ios/app/boodmo/details/,https://www.appannie.com/apps/ios/app/boodmo/keywords/?countries=IN&device=iphone&order_by=isPinned&order_type=desc&date=2018-12-03~2019-01-01&chart_type=rank&table_selections=199&series=199
UNiDAYS: Student Deals,UNiDAYS,https://www.appannie.com/apps/ios/app/unidays/details/,https://www.appannie.com/apps/ios/app/unidays/keywords/?countries=IN&device=iphone&order_by=isPinned&order_type=desc&date=2018-12-03~2019-01-01&chart_type=rank&table_selections=199&series=199
Forever New SA,Busby House,https://www.appannie.com/apps/ios/app/forever-new-loyalty/details/,https://www.appannie.com/apps/ios/app/forever-new-loyalty/keywords/?countries=IN&device=iphone&order_by=isPinned&order_type=desc&date=2018-12-03~2019-01-01&chart_type=rank&table_selections=199&series=199
MANGO - 在线时尚,Mango,https://www.appannie.com/apps/ios/app/mango-mng/details/,https://www.appannie.com/apps/ios/app/mango-mng/keywords/?countries=IN&device=iphone&order_by=isPinned&order_type=desc&date=2018-12-03~2019-01-01&chart_type=rank&table_selections=199&series=199
Croma-Electronics Shopping App,Infiniti Retail Limited,https://www.appannie.com/apps/ios/app/croma-electronics-shopping-app/details/,https://www.appannie.com/apps/ios/app/croma-electronics-shopping-app/keywords/?countries=IN&device=iphone&order_by=isPinned&order_type=desc&date=2018-12-03~2019-01-01&chart_type=rank&table_selections=199&series=199
GUCCI,Gucci,https://www.appannie.com/apps/ios/app/gucci-style/details/,https://www.appannie.com/apps/ios/app/gucci-style/keywords/?countries=IN&device=iphone&order_by=isPinned&order_type=desc&date=2018-12-03~2019-01-01&chart_type=rank&table_selections=199&series=199
Ubuy Mobile,UBUY COMPANY FOR DESIGNING AND MANGING WEBSITES,https://www.appannie.com/apps/ios/app/ubuy-mobile/details/,https://www.appannie.com/apps/ios/app/ubuy-mobile/keywords/?countries=IN&device=iphone&order_by=isPinned&order_type=desc&date=2018-12-03~2019-01-01&chart_type=rank&table_selections=199&series=199
PrettySecrets - Lingerie App,MTC Ecom Private Limited,https://www.appannie.com/apps/ios/app/prettysecrets-lingerie-shopping-app/details/,https://www.appannie.com/apps/ios/app/prettysecrets-lingerie-shopping-app/keywords/?countries=IN&device=iphone&order_by=isPinned&order_type=desc&date=2018-12-03~2019-01-01&chart_type=rank&table_selections=199&series=199
Daraz Online Shopping App,Daraz DMCC,https://www.appannie.com/apps/ios/app/daraz-online-shopping/details/,https://www.appannie.com/apps/ios/app/daraz-online-shopping/keywords/?countries=IN&device=iphone&order_by=isPinned&order_type=desc&date=2018-12-03~2019-01-01&chart_type=rank&table_selections=199&series=199
Passport IN,Ryohin-Keikaku Reliance India Pvt Ltd,https://www.appannie.com/apps/ios/app/passport-in/details/,https://www.appannie.com/apps/ios/app/passport-in/keywords/?countries=IN&device=iphone&order_by=isPinned&order_type=desc&date=2018-12-03~2019-01-01&chart_type=rank&table_selections=199&series=199
瘦身相机 - 天天美容瘦脸P图神器,Han Feng,https://www.appannie.com/apps/ios/app/slim-skinny-thin-face-visage-slimming-effects-plus-magic-photo-editor/details/,https://www.appannie.com/apps/ios/app/slim-skinny-thin-face-visage-slimming-effects-plus-magic-photo-editor/keywords/?countries=IN&device=iphone&order_by=isPinned&order_type=desc&date=2018-12-03~2019-01-01&chart_type=rank&table_selections=199&series=199
Big Bazaar Profit Club,Future Group,https://www.appannie.com/apps/ios/app/big-bazaar-profit-club/details/,https://www.appannie.com/apps/ios/app/big-bazaar-profit-club/keywords/?countries=IN&device=iphone&order_by=isPinned&order_type=desc&date=2018-12-03~2019-01-01&chart_type=rank&table_selections=199&series=199
