1,Shopee PH 12.12 Christmas Sale,SHOPEE
2,Lazada Grand Year End Sale 10-12 Dec,Lazada
3,ZAFUL - My Fashion Story,Zaful
4,Akulaku-Kredit Cicil Pinjam Belanja,Akulaku
5,ZALORArb物平台,Zalora
6,Watsons Philippines,Watson
7,Banggood - Easy Online Shopping,Banggood
8,Newchic - Fashion Online Shopping,Newchic
9,Carouse?ll 旋转拍卖 - 你拍我买,Carousell
10,******,******
11,Alibaba.com - Leading online B2B Trade Marketplace,Alibaba
12,Vova - p@取品,VOVA
13,OLX Philippines Buy and Sell,OLX
14,BeautyMNL - Shop Beauty in the Philippines,Taste Central Curators Inc.
15,ShopBack - W即享F金回｜Shopfest 物 - Sr享受W年中c/L年c折扣,ShopBack
16,Amazon Shopping,Amazon
17,Rosegal: Shop Fashion Clothes,Rosegal
18,O Shopping,A CJ O SHOPPING
19,MetroDeal,MetroDeal
20,Snapcart C Snap Receipts Get Cashbacks,Snapcart
21,Online Shopping Philippines,Team Sparkling
22,Hataw.ph,Hataw
23,Fashion & Tech Deals - Shop Sell & Save with eBay,eBay
24,Wish - Shopping Made Fun,ContextLogic
25,SEPHORAz芙m - Beauty Shopping,Sephora
26,AliExpress - Smarter Shopping Better Living,Alibaba
27,Amazon Assistant,Amazon
28,ALTHEA: Best of Korean Beauty,ALTHEA.KR
29,PopSlide: Get Free Load,YOYO HOLDINGS
30,la呙杵,ZXing Team
31,Forever 21,Forever 21
32,Coda Diamond ML,Son Goku.Inc
33,MetroMart - Grocery Delivery,MetroMart Technologies Inc.
34,AppNana - Free Gift Cards,AppNana
35,T-shirt Design and Print Philippines - Printeety,V-Core
36,Redeem Google Rewards,techgigs Pvt. Ltd
37,Souq.com,Souq.com
38,Olshop All in One,Suji Edukasi
39,SHEIN物：r尚女b服品牌,Shein
40,Rules Of Survival 6666Net : Buy and Sell HERO ROS,6666Net Group Co.Ltd
41,Jollychic-W上物商城，打造全新生活方式,JOLLYCHIC EC LIMITED
42,Avon Mobile,Avon Products Inc
43,Online Shopping Japan,Keep at Shopping
44,Club Factory - Online Shopping App,Jiayun
45,******,******
46,ALI Sale - 购物应用程序与销售，express 交付,Fitness Studio Pro
47,Dress.ph,北京乐勤瑞恒技术团队
48,Online Shopping Philippines,TWKidsApps
49,淘宝,Taobao
50,Locanto C FREE CLASSIFIEDS,Yalwa
51,Soufeel - Personalized Jewelry,SOUFEEL JEWELRY LIMITED
52,GearBest Online Shopping,GEARBEST(HONGKONG)LIMITED
53,Shopwise Wise App,Shopwise Philippines
54,AWOK.com,AWOK
55,????? ?????-BTS OFFICIAL SHOP,Koreacenter.com
56,CHARIS - Celeb's Secret,MAD Square
57,Super8 Rewards,Philippine Inquirer
58,Barcode Reader,HL Media.JSC
59,Mobile Recharge DTH Bill Payment Money Transfer,Paytm
60,Namshi Online Fashion Shopping,Namshi
61,条码二维码扫描器专业版,Geeks.Lab.2015
62,Acienda Rewards,Acienda Designer Outlet
63,Waltermart Grocery Delivery,Waltermart Supermarket Inc.
64,Sulit.PH Buy and Sell Philippines Shopping,SULIT.PH
65,Out of - Grocery Shopping List,Need to Buy
66,Philippines Online Shopping Sites - Online Store,Cam-Techno168
67,Expee,Xpee Inc.
68,Wholesale Shopping Factory Price Club First Copy,Noob Developers
69,Online Shopping Malaysia,Team Sparkling
70,颜色清单,Kenzap Ltd
71,Buy Sell Trade: Philippines,PinoyBay
72,YesStyle,YESSTYLE.COM LIMITED
73,Personal Collection,Personal Collection Direct Selling Inc.
74,Apps sale - apps gone free - apps promo codes,Neelam Bhanushali
75,Sun & Sand Sports,Sun & Sand Sports L.L.C
76,Etsy: Handmade & Vintage Goods,Etsy
77,Yoins - Fashion Clothing,Yoins
78,Gmarket Global [中文],GMARKET
79,Centrepoint Online - ?????????,Landmark Retail Limited
80,Elfster Secret Santa Generator and Wish List App,Elfster
81,HBX | 购买最新时尚服饰及鞋款,Hypebeast
82,Newegg Global,Newegg
83,MR.SUKIMOAKO,MR.SUKIMOAKO
84,最安全的免费 QRCode 阅读器,Application4u
85,Courier Tracking - All In One,PTL Infotech
86,CheapDeals.ph - Online Shopping & Travel Deals,CheapDeals Mobile
87,宝石经典三消：远古埃及,Game Guide Stuido
88,Farfetch：冬季高端品牌服装、鞋履、包包、配饰等设计师精品，一站式时尚购物平台，海淘高手必选。,Farfetch
89,Boardwalk Catalog,Boardwalk Business Ventures Inc.
90,Flipkart Online Shopping App,Flipkart
91,Ezshop,ТОО Maint
92,CHARLES & KEITH,CharlesKeith.com
93,Online Toys Shop,mobile app world
94,CloudMall - Match Your Insta Style,CloudMall
95,Primty - 制作自己的T恤,Siembra Digital Marketing
96,亚马逊 HD,Amazon
97,Smart Closet 掌上衣橱 - 我的时尚风格,Rabbit Tech Inc
98,?? (Coupang),Coupang
99,letgo: Buy & Sell Used Stuff Cars & Real Estate,letgo
100,Bershka - Fashion and trends online,Inditex
