cryptoinsanemc,retweet deny
btc0Reth,retweet deny
airdropalive,retweet deny
LyudmAbr3,retweet deny
vi_kov,retweet deny
Svetik5888,retweet deny
vi77ip,retweet deny
Irinatoken,retweet deny
Vitallliy100,retweet deny
lunkin2910,retweet deny
lunkins1909,retweet deny
quas1986,retweet deny
aoleng27685445,retweet deny
V606458451,retweet deny
Avizzarr,retweet deny
Zainul10411162,retweet deny
dron88091,retweet deny
CrazyClock105,retweet deny
PinkFoxic,retweet deny
mitinvla,retweet deny
makkosh_tm,retweet deny
Kissnoone,retweet deny
idol_fes,retweet deny
idol_fes,retweet deny
harrygh20,retweet deny
SuwantaTata,retweet deny
AKPEKIAYEBAESIN,retweet deny
986855260248420352?s=20,retweet deny
Yokopranimbo3,retweet deny
974481846070231040,retweet deny
DanataRober,retweet deny
974481846070231040,retweet deny
adielsetiawan1,retweet deny
cryptodiamond03,retweet deny
crypto_ted,retweet deny
njoku_chidima,retweet deny
jamesndungu,retweet deny
974481846070231040,retweet deny
ATertyichnyiy,retweet deny
MuhamadDikri_1,retweet deny
YuriLapunov,retweet deny
quoting_lives,retweet deny
rpisini77,retweet deny
Anggel74258155,retweet deny
Izenk10,retweet deny
DavanishFauzi,retweet deny
dndyrw,retweet deny
annmon_a,retweet deny
Huym1992?s=07,retweet deny
eugene_korn,retweet deny
Marianaled25,retweet deny
DavanishFauzi,retweet deny
theIIouvre,retweet deny
blinonecom,retweet deny
Crypto_Pack,retweet deny
