,status
CryptoWizzard,in
psyxoz,in
bilbilon,in
cajmartin,in
stasstas1234,not in
remremvn,in
Bathien,in
tranbadao,in
thientai,in
hatduck,in
coolboyngau,in
trinhhau,in
rinrinvn,in
babyjorngo,in
svaligia,in
daskbdasld,in
xonlinevip,in
mahazawinn,in
Takavar_baluoch,in
PoreEyrt,in
doyouthink,in
trinhhauvn,in
wondewomen12,in
WoodsWWW,in
Mohajiroon,not in
maihau123,in
lizamen,in
trinhtieusang,in
zhengshuang2201,in
maziarmt123,in
hcdhfhs,in
maithien123,in
mynamjohnson,in
hauminh123,in
quynhpham15,in
minhhau123,in
grayfomas,in
SebastianSmart,in
xcvze,not in
hamtermaster,in
harioon,in
manhs2thanh,in
hanatan123,in
adcarrry,in
thienthan991,in
animeblouse,in
emtechvina2015,in
bsfahfhafafa,in
vitran193,in
adumantic,in
Sayvan_3458,in
fsfah2424,in
dhdlsahdhasdgao,not in
madabadfs,in
talkwithmes,in
maivantiem,in
bdbvcncgbxf,in
englegennd,in
lilipeart,in
vietnamdailoan,not in
WWdsbmzcbbfb,not in
hungkhai92,in
popovnm,not in
mariasonosuke,in
entertaiment93,in
frankestions,in
sunnykingdom,in
yesnoquestion,in
rezanazarig2,in
loveyoupapa95,in
JenniferByrne,in
hunterkiller1223,in
lucacumanches,in
autumn196,in
ElliotWilliams,in
zedvsyasuo,in
changchang197,in
gotomoonreb,in
ablade2019,in
Ap_amir_appp,in
xaoxao1991,in
minbminb,in
mojiae2e,in
TaylorWalton,not in
devgdui,in
mansupertiger,in
HarrietRowley,in
sadnightday,in
strongermans,in
fightingvn,not in
remrem2313,in
CICIbaby12,in
saveday201,in
yukihimashita,in
cancelhim,in
CaitlintLawson,not in
SamuelSmart,in
freecloutv,in
dangghet203,in
kiraumachiha,in
JordanNixon,in
Cloutvn,not in
shaghapersonal,in
hurifybotmen,not in
sadsadness,in
ladygagamaster,in
luffysamapro,not in
fafafafafafafa205,in
TylerRobinson,in
cucalumper,in
tainguyen1u9,in
friendzone123,not in
maryriun,in
CaitlinBates,in
Okanto,in
bigmommom,in
mamawithpapa,in
vihuyentagru,not in
xendusen12,in
sakurachan111,in
admfreebountyvn,in
EllieBradshaw,in
mamachueo,in
roltorra,in
mamachansan,in
lalatran,in
EloiseKnight,in
rainbowafterrain,in
JacobSullivana,in
lolvelvevevs,in
oikjjk,not in
osakachane,in
slowmotionwindow,in
changesport,in
babiculare,in
nonannonan,in
ototgau,not in
LilyClarke,in
paracetamol500,in
Amir_hzk82,not in
HERAkills,in
nicolasjavan,in
marwa1_8,not in
rebpro,in
nataliyasd,in
jangjang215,in
thomsongoklld,in
thanhnguyenmanh,in
MelissaParker,in
eliodas12,in
lucian20123,in
mamiiloveyou,in
contralheart,not in
banahill,in
shalala1991,in
zukashi,in
ChristopherButcher,in
DeclanJackson,in
oneshooting,in
victorerwe,in
OliverBanks,in
samelasamela,in
JakeNash,in
kolptoki,in
whitehouseblue,in
annierobert,in
jameharuru,in
rosyrosy221,in
RebeccaDoherty,in
TomWalton,in
starheroin,in
MayaKnight,in
olanonvshav,not in
RivakoJek,in
familifarms,in
badaodaicac,in
F_964,in
humalogad,in
AmyMyers,in
AlexandraFitzgerald,in
adamjocker,in
AnthonyPhillips,in
annarobertso,in
BrandonWheeler,in
ChristopherBurns,in
adalatla,in
FinlayDawson,in
NoelleUriegas,in
TeganBarrett,in
bavanmanhdai,in
lopelpone,in
singuma227,in
dragonboys,in
AnnaMcCarthy,in
chalager,in
SterlingCashdollar,not in
kamehazoko,in
AnitraKearsey,in
alireza6618,in
harydarksd,in
SamanthaRhodes,in
ZenobiaBlackard,not in
LawerenceMoers,in
darkherowire,in
SamParkerrr,in
SebastianBrady,in
HipolitoSovey,in
muhametmurad,in
sakuramachita,in
RodgerMartorella,not in
JoshMcKenzie,in
DennisHeebner,in
shurima_basa,in
OscarLynch,in
kitakitarishima,in
IsiahClouse,in
seconddary,in
GaleAlicea,in
GrahamAppel,in
Drsw_kd,in
Slm_mn,in
JayBurdeshaw,in
sflashhumen,in
BrookeWilson,in
DewayneDerrah,in
MiaRiley,in
onpiceses,in
badaohatgao23,in
londoncitytime,in
ReubenJimbo,in
FernandoPlay11,in
MaddisonSimpson,in
dangmanii1,not in
vekozpkjihn,in
Wukongadidas,not in
pentalill,in
HilleLooke,not in
islandstars,in
hexakill123,in
trananhson23,in
bibiquy,in
MyinPoka,not in
tranbamanh23284,in
GittFarak,not in
baby_sexy_girl,in
pantheong,in
Foihuong,not in
trinhthihau2344,in
mynamemanh,not in
gossover,in
grownblue,in
xhoopper     ,not in
MarianNil,not in
AsaraSkuhh,not in
picolosama,not in
capuchinohihii,in
aotungchao,in
contactyou,in
hurifyfab,not in
hahahavaicai,in
tranlongnhat,in
YoidgDasha,not in
garenkata,in
SmileMilevn,not in
caicucai,in
dariuspkgaren,in
KymDanle,in
hoangthikhai,in
tranxuanhung,in
meandiaco,in
MinErick1,in
smartphonex,in
flashword,in
HoaMinzy1101,in
minhphuplazza,in
changespoert,in
hairibotter12,in
hotdogwithparent,in
shemasuki,in
hoangminhtai,in
gossdead,in
newyorkcitywhite,in
ladygennerman,in
tomandjerry12,in
vitdonan,in
batmanpro,in
Ab_RO,in
duckandchicken,in
department12,in
fantasybaby,in
pentalilllol,in
supermanm,in
califoniaf,in
casadinfizz,in
newmember12,in
undermousee,in
blueskybeach,in
s2412asd_21hf_d,in
ladybatga,in
blackdragonss,in
coronadoewall,in
Borishcich,in
airdropalive_com,in
viktor_sochi,in
vl777lp,in
Irinatoken,in
Swisscryptofan,in
SektorPi,in
vitttaliy50,in
lunkin29102,not in
lunkins19091,in
muhammadrandi,not in
piotrekkonrad,in
aolengsarah,in
V606458451,in
DannBolan,in
Zainulhasan,in
quesz,in
dron8809,not in
CrazyClock1,in
PinkFoxic22,in
truzaev,in
makkosh_tm1,in
Soulscaner,in
Sengoku_lanbu,in
akorwhite,in
cryptowonders20,in
harrygh20,not in
Andhienn,in
metasarah,in
joseliy,not in
uchetimz,not in
Devang321,in
Pranimbo,in
sycamore89,in
AnthonyAir,in
catokbrok,in
robert_danata,in
purin21,in
adiel_setiawan,not in
cryptodiamond12,in
crypto_ted,not in
JoinedAirdrop,in
inskchen,not in
Eldimkoss,not in
Innsa,in
jessm,not in
glasky,not in
PNToken,in
gummam,not in
karlapik,not in
LimSte,not in
kigtad,not in
Ashatan77,not in
Luchmama,not in
SaraDell,not in
tuumbo,not in
Stiveslash,in
velikolepnai,not in
wonzamun,in
Feeltun,in
Crasengover,in
iolanna,in
andrew_korvin,in
DeMouse,in
IrenNTA,in
Andrii_Povkh,in
maradonan12   ,not in
alicialliott  ,not in
justindona    ,not in
robertodurany ,not in
alexsander12  ,not in
chadwickw     ,not in
humphreys15   ,not in
mckenziela    ,not in
finleynaylor  ,not in
alexaylmer   ,not in
reecepope    ,not in
gabrieluck   ,not in
willcunneen  ,not in
caitlynicolle ,not in
souzamartins  ,not in
gryptobest,not in
Cuongneocoin,not in
escrowcoin,not in
moynulhasan,not in
dee_ddy,not in
babuplrk,in
invincible49,in
kaya11,not in
shi mingliang,not in
nyoach,not in
andigentho,not in
erc20lover,not in
Manlog305,not in
akmal1984,not in
novita2,not in
ardcts,not in
bukakuaci,not in
Farelrizki,not in
KOMANDORZAR,not in
rascallist11,not in
triyanto3,not in
windzbtc,in
CaptainSaint,not in
erkpraztyo,not in
mdmonirhossain,not in
cybercobro,not in
chrissyjhunnez,not in
sirapamsiran,not in
gudangsurya04,not in
acha1217,not in
ruddy08,not in
DarthEthereum,not in
artkld,not in
antonbehon,not in
VladimirLevashov,not in
kumala_kum,not in
MarGoSergeeva,not in
hanjalakabir,not in
TahsinThanha,not in
SohanRahman76762,not in
SixPixel,not in
delilonia,not in
flayaandriana13,not in
OEKisLife,not in
Valovut,not in
Prasetyo9,not in
mraihan,not in
coinguru22,not in
TolyaPankratovTolya ,not in
xichnek,not in
NfcNusratJahan,not in
stasstas1234,not in
Valovut,not in
 Efoman,not in
RomaRomius30,not in
jbordzcom,not in
serkan7554,not in
maruf9522,not in
juliansiena23,not in
widodosusanto,not in
asgard1889,not in
Dimzec89,not in
cryptoyaka,not in
SaputraAgra,not in
hari1,not in
ShaltiN,not in
imlosser,not in
Lisa110386,not in
Ravishka12,not in
Md Rahaful Alam,not in
Mohammad Hossain,not in
J_avelino,not in
aolengsarah,in
faruque6244,not in
TeaT63,not in
farukahmed,not in
kawser05,not in
harisbg,not in
diodtc,not in
gamezal,not in
quesz,in
cryptoman4,not in
spb1max,not in
Blacksite738,not in
CuffCuff1,not in
saniksin,not in
DHzzz,not in
chehintog24,not in
fakegurutu,not in
MDPerseus,not in
shanonalexis,not in
arisapriyadi,not in
iqbalrozi,not in
edisopian1991,not in
MalindaLK,not in
konyox1,not in
hidayatgp12,not in
tarasovmm,not in
Pambakti,not in
stasama,not in
restusiregar,not in
gedeg85,not in
AlexanderRkr,not in
deddyganteng33,not in
rjcnzy,not in
lydmilka61,not in
vivavarija,not in
FSorez,not in
aliomufid94,not in
VindyaGamage,not in
Guliki,not in
gospodin91,not in
AlbyAna,not in
raiserpi,not in
bertrix,not in
ribowo76,not in
moneynik777,not in
Dek1ooz7,not in
sohel436290,not in
norman_murs,not in
DraizzyAryan ,not in
shahin322,not in
tedaditya,not in
wawansetiyawan,not in
saymonmithu,not in
AirDropRus,not in
JackBrbro,not in
saykat,not in
hungthanhpump,not in
diverby,not in
novifransisca,not in
LinaNGrin,not in
duytuan,not in
almubarok33,not in
ReLLano,not in
PreciousAntes,not in
cryptone007,not in
Ammobile69,not in
Alevlaslo,not in
Stanislav99999,not in
cchickenbaby,not in
HongAnhKiet,not in
temps88,not in
indra kurniawan,not in
joniko18,not in
Olesia_Larina,not in
Beet1e,not in
alekszivert,not in
Dilan_Abeywickrama,not in
gsmbimol,not in
jikoya,not in
meghallotia,not in
Abraklion,not in
CryptoSheltor ,not in
Igor_Silkin,not in
nhungtruong379,not in
alpi1122,not in
becruxrubbish,not in
lostintundra,not in
sisawaw,not in
bellaian,not in
nemanja90,not in
Valerushka81,not in
Fakyoutu,not in
Hypervira,not in
kuropika02,not in
LinaChern,not in
s_dotsenko,not in
quanminh98,not in
doglendo4,not in
fariday323,not in
SaimonFury,not in
tsabattt,not in
sergei_ziukov,not in
bigbob86,not in
Nepodaarok,not in
bec4k,not in
yitzjoe,not in
alkhalifimahardhika,not in
letheanh1983,not in
bvtho,not in
wwhity72,not in
jalikey,not in
nicstra,not in
waorana,not in
hendrakhow,not in
trantien1403,not in
MDPerseus,not in
lapunder13,in
invincible49,in
Hantublang,in
arifrahman212,not in
dazzling_mon,not in
huyit,not in
Maria Christina Delan,in
proekrduit,not in
matjaz123,in
YANG33,in
Keyla_Networks,in
palitra,not in
policeoo,in
srouCevap,not in
janezNova,in
natale16,not in
harrycac,not in
johnson16,not in
karimbenza,not in
johnken20,not in
kevincut,not in
luckky90,not in
lamela1993  ,not in
luckma279,not in
adamkey     ,not in
niubima,not in
palitra,not in
kater1111,in
LeoneDGames,in
fury_monk,in
Baroksz,not in
Mysoon23,in
Lifei520,in
MDANWARSHAIKH,in
ElenaHor,in
Luchmama,not in
Verondos,in
fujiyani,in
Pranimbo,in
aksagor,in
makkosh_tm1,in
Maryamainor,in
PinkFoxic22,in
Lunkin29102,in
vl777lp,in
kuncrut,in
qf5mzzmffw847,in
RG1formulir,in
Rafisu,in
Chetansharma6797,in
Rivanganteng19,not in
gejia32,in
Espadjainudin,in
Sunilnisha,in
JACK_sheng,in
NikkoPinat,in
Lev30,in
granba,not in
Alfinmzn113,in
CRlSPYrendang,in
Nafea13,in
paulIII,in
Cryptomumu,in
lzmdiy,not in
Tiger106,in
Lehaklim,in
presti013,in
ErskineDeeann,in
Dheeraj239,in
lehorxtab,in
wahyusaragih,not in
Zens27,in
shine2586,in
kunkun123,not in
mahimahmed,in
ThienHa0511,in
Cryto_tamabtc,in
VLSTelGR,in
hoang220388,in
Mt_black_Dan,in
bobo012,in
MasKenthir,in
herb_vin,in
AldyBaihaqi,in
jponline4u1,in
monojet1,in
CPN87,in
r0man00,not in
Shaktran777,not in
sanch0s,not in
asash0k,not in
Bohdan9,in
ZumaNot,in
LytkinaR,in
aibugricha,in
andriano,not in
ne0nila,in
vipazehnse1988,not in
refire,in
AlexHIRO0209,in
C0njulhala ,not in
Delalas0,in
d0natellaMih ,not in
Felkree_0,in
Gardarisar0,in
GekUAredi,not in
deekey77,not in
chenhvenh,in
MocLam,in
happy9191,not in
shilpy275,in
emdee,not in
a8sd765kt,in
yusuf yusuf,in
AlaraAltinok,in
AsuCelebi,in
BusemSarikaya,in
CansuTokat,in
ECEUYSAL,in
EceOnder,in
FrancesBowman,in
SevgiAtay,in
BetulYildirim14,in
Jannatul Ferdous,in
dongat25,not in
