username,status
cryptoinsanemc,retweet deny
btc0Reth,retweet confirmation
airdropalive,retweet confirmation
LyudmAbr3,retweet confirmation
vi_kov,retweet confirmation
Svetik5888,retweet confirmation
vi77ip,retweet confirmation
Irinatoken,retweet confirmation
Vitallliy100,retweet confirmation
lunkin2910,retweet confirmation
lunkins1909,retweet confirmation
quas1986,retweet confirmation
aoleng27685445,retweet confirmation
V606458451,retweet confirmation
Avizzarr,retweet confirmation
Zainul10411162,retweet confirmation
dron88091,retweet deny
CrazyClock105,retweet confirmation
PinkFoxic,retweet confirmation
mitinvla,retweet deny
makkosh_tm,retweet confirmation
Kissnoone,retweet confirmation
idol_fes,retweet deny
idol_fes,retweet deny
harrygh20,retweet confirmation
SuwantaTata,retweet confirmation
AKPEKIAYEBAESIN,retweet confirmation
986855260248420352?s=20,retweet deny
Yokopranimbo3,retweet deny
9.74482E+17,retweet deny
DanataRober,retweet confirmation
9.74482E+17,retweet deny
adielsetiawan1,retweet confirmation
cryptodiamond03,retweet deny
crypto_ted,retweet confirmation
njoku_chidima,retweet confirmation
jamesndungu,retweet confirmation
9.74482E+17,retweet deny
ATertyichnyiy,retweet confirmation
MuhamadDikri_1,retweet deny
YuriLapunov,retweet deny
quoting_lives,retweet deny
rpisini77,retweet deny
Anggel74258155,retweet deny
Izenk10,retweet deny
DavanishFauzi,retweet confirmation
dndyrw,retweet deny
annmon_a,retweet confirmation
Huym1992?s=07,retweet deny
eugene_korn,retweet deny
Marianaled25,retweet deny
DavanishFauzi,retweet confirmation
theIIouvre,retweet confirmation
blinonecom,retweet confirmation
Crypto_Pack,retweet confirmation
sonyab4574tg,retweet confirmation
jmm77585,retweet confirmation
Sefania_19,retweet confirmation
jponline4u,retweet confirmation
monojet1,retweet confirmation
adielsetiawan1,retweet confirmation
sonyab4574tg,retweet confirmation
syaza_jasmine77,retweet deny
Sefania_19,retweet confirmation
