https://www.twitteraudit.com/6y8NDB5RAsFD2Z3,6y8NDB5RAsFD2Z3,not follow
https://www.twitteraudit.com/taraspinchak,taraspinchak,not follow
https://www.twitteraudit.com/JeremyDuglas,JeremyDuglas,not follow
https://www.twitteraudit.com/JayraldRegado,JayraldRegado,not follow
https://www.twitteraudit.com/IvanRuzv,IvanRuzv,follow
https://www.twitteraudit.com/kwakyeBenjamin7,kwakyeBenjamin7,not follow
https://www.twitteraudit.com/MarfowaahCecil1,MarfowaahCecil1,not follow
https://www.twitteraudit.com/ramadana_syahru,ramadana_syahru,follow
https://www.twitteraudit.com/dewyi48,dewyi48,not follow
https://www.twitteraudit.com/nadimtalk23,nadimtalk23,follow
https://www.twitteraudit.com/moonshadovv,moonshadovv,not follow
https://www.twitteraudit.com/asemene41,asemene41,follow
https://www.twitteraudit.com/dimagunner23,dimagunner23,not follow
https://www.twitteraudit.com/devannaratama,devannaratama,not follow
https://www.twitteraudit.com/shenkarenkoalex,shenkarenkoalex,not follow
https://www.twitteraudit.com/farjana1155,farjana1155,not follow
https://www.twitteraudit.com/sundayokelana,sundayokelana,not follow
https://www.twitteraudit.com/Isabell12Sophia,Isabell12Sophia,follow
https://www.twitteraudit.com/AllisonAudreyus,AllisonAudreyus,follow
https://www.twitteraudit.com/sajjad884859,sajjad884859,not follow
https://www.twitteraudit.com/khumairo13,khumairo13,not follow
https://www.twitteraudit.com/DonitaCairissa,DonitaCairissa,not follow
https://www.twitteraudit.com/dapen97,dapen97,not follow
https://www.twitteraudit.com/panqingwei,panqingwei,not follow
https://www.twitteraudit.com/AbigailCamilau,AbigailCamilau,not follow
https://www.twitteraudit.com/Amri831,Amri831,not follow
https://www.twitteraudit.com/ViceKing420,ViceKing420,not follow
https://t.me/riyaana43,riyaana43,not follow
https://www.twitteraudit.com/AnushreeDasOrni,AnushreeDasOrni,follow
https://t.me/valterfox,valterfox,not follow
https://twitteraudit.com/tedaditya,tedaditya,not follow
https://www.twitteraudit.com/rinatvr,rinatvr,not follow
https://www.twitteraudit.com/Valeria30858366,Valeria30858366,not follow
https://www.twitteraudit.com/osvaldooliveus,osvaldooliveus,follow
https://www.twitteraudit.com/LostNost,LostNost,follow
https://www.twitteraudit.com/b0ss_turawe18,b0ss_turawe18,not follow
https://www.twitteraudit.com/tamskaya,tamskaya,not follow
https://www.twitteraudit.com/shuravishnivet1,shuravishnivet1,not follow
https://www.twitteraudit.com/katerinbalagur,katerinbalagur,not follow
https://www.twitteraudit.com/LailaRosina,LailaRosina,not follow
https://www.twitteraudit.com/novostrojkin,novostrojkin,not follow
https://www.twitteraudit.com/MariiaNevska,MariiaNevska,not follow
https://www.twitteraudit.com/SnajanaCvetkova,SnajanaCvetkova,not follow
https://www.twitteraudit.com/OlgaSivok,OlgaSivok,not follow
https://www.twitteraudit.com/MargaritaKrulov,MargaritaKrulov,not follow
https://www.twitteraudit.com/AnastiaKovaleva,AnastiaKovaleva,not follow
https://www.twitteraudit.com/FotoshopDesign,FotoshopDesign,not follow
https://www.twitteraudit.com/sekejack62,sekejack62,not follow
https://www.twitteraudit.com/ostvano,ostvano,not follow
https://www.twitteraudit.com/D0oMBringer,D0oMBringer,follow
https://www.twitteraudit.com/himayasath_96,himayasath_96,not follow
https://www.twitteraudit.com/,,follow
https://www.twitteraudit.com/DjLipglosz,DjLipglosz,not follow
https://twitter.com/MaksBest32/status/1023876362195619845,1023876362195619845,not follow
https://www.twitteraudit.com/sanyaberillo,sanyaberillo,not follow
https://www.twitteraudit.com/egorkinalen,egorkinalen,follow
https://www.twitteraudit.com/lylya86,lylya86,not follow
https://www.twitteraudit.com/hanta_uciha,hanta_uciha,not follow
https://www.twitteraudit.com/k1ngofdrumn1991,k1ngofdrumn1991,not follow
https://www.twitteraudit.com/aleks01083,aleks01083,not follow
https://www.twitteraudit.com/t430nn,t430nn,follow
https://www.twitteraudit.com/odxusafdom,odxusafdom,not follow
https://twitteraudit.com/max_im_868,max_im_868,follow
https://www.twitteraudit.com/ArsenKamalbekov,ArsenKamalbekov,follow
