page,price,pro_name,pro_url,rank,review_num,sales
1,180000 ,MUA 1 TẶNG 1 có video-Nước hoa nam lưu hương lâu Blue De Chenale EDP 100ml NH05,https://www.sendo.vn/mua-1-tang-1-co-video-nuoc-hoa-nam-luu-huong-lau-blue-de-chenale-edp-100ml-nh05-13455486.html?source_block_id=listing_products&source_info=desktop2_60_1553941322902_e2bc17c9433644dd8e164ee58cb2e044_0_algo5_-1_1_0_-1&source_page_id=cate1_norder_30_desc,1,314,2500
1,199000 ,[ FREE SHIP ] tông đơ gia đình JC 0817 tặng kéo cắt tỉa + lấy ráy tai,https://www.sendo.vn/free-ship-tong-do-gia-dinh-jc-0817-tang-keo-cat-tia-lay-ray-tai-10193875.html?source_block_id=listing_products&source_info=desktop2_60_1553941322902_e2bc17c9433644dd8e164ee58cb2e044_0_algo5_-1_2_0_-1&source_page_id=cate1_norder_30_desc,2,2344,10800
1,100000 ,Dao cạo râu kèm 30 lưỡi kép thay thế,https://www.sendo.vn/dao-cao-rau-kem-30-luoi-kep-thay-the-12763761.html?source_block_id=listing_products&source_info=desktop2_60_1553941322902_e2bc17c9433644dd8e164ee58cb2e044_0_algo5_-1_3_0_-1&source_page_id=cate1_norder_30_desc,3,367,3400
1,69000 ,COMBO 3 CHAI XỊT KHỬ MÙI AXE BLACK 50ML TẶNG TÚI TIỆN LỢI,https://www.sendo.vn/combo-3-chai-xit-khu-mui-axe-black-50ml-tang-tui-tien-loi-10461690.html?source_block_id=listing_products&source_info=desktop2_60_1553941322902_e2bc17c9433644dd8e164ee58cb2e044_0_algo5_-1_4_0_-1&source_page_id=cate1_norder_30_desc,4,529,1900
1,149000 ,Combo 5 Kem Đánh Răng Chống Ê Buốt Thái Lan,https://www.sendo.vn/combo-5-kem-danh-rang-chong-e-buot-thai-lan-13993671.html?source_block_id=listing_products&source_info=desktop2_60_1553941322902_e2bc17c9433644dd8e164ee58cb2e044_0_algo5_-1_5_0_-1&source_page_id=cate1_norder_30_desc,5,159,784
1,37000 ,Nước hoa Blue For Her 50ml,https://www.sendo.vn/nuoc-hoa-blue-for-her-50ml-3986946.html?source_block_id=listing_products&source_info=desktop2_60_1553941322902_e2bc17c9433644dd8e164ee58cb2e044_0_algo5_-1_6_0_-1&source_page_id=cate1_norder_30_desc,6,316,1900
1,149000 ,Combo Tuýp 5 Kem đánh răng  Thailand chống ê buốt 100ml,https://www.sendo.vn/combo-tuyp-5-kem-danh-rang-thailand-chong-e-buot-100ml-10673309.html?source_block_id=listing_products&source_info=desktop2_60_1553941322902_e2bc17c9433644dd8e164ee58cb2e044_0_algo5_-1_7_0_-1&source_page_id=cate1_norder_30_desc,7,398,1600
1,410000 ,Son Môi Trang Điểm Cao Cấp Collagen Ampoule Lipstick,https://www.sendo.vn/son-moi-trang-diem-cao-cap-collagen-ampoule-lipstick-16696509.html?source_block_id=listing_products&source_info=desktop2_60_1553941322902_e2bc17c9433644dd8e164ee58cb2e044_0_algo5_-1_8_0_-1&source_page_id=cate1_norder_30_desc,8,74,317
1,189000 ,Tông đơ - tông đơ cắt tóc gia đình,https://www.sendo.vn/tong-do-tong-do-cat-toc-gia-dinh-10417265.html?source_block_id=listing_products&source_info=desktop2_60_1553941322902_e2bc17c9433644dd8e164ee58cb2e044_0_algo5_-1_9_0_-1&source_page_id=cate1_norder_30_desc,9,320,2100
1,99000 ,Xịt khoáng Evoluderm Atomiseur Eau Pure 150ml - Chính Hãng Pháp,https://www.sendo.vn/xit-khoang-evoluderm-atomiseur-eau-pure-150ml-chinh-hang-phap-16217301.html?source_block_id=listing_products&source_info=desktop2_60_1553941322902_e2bc17c9433644dd8e164ee58cb2e044_0_algo5_-1_10_0_-1&source_page_id=cate1_norder_30_desc,10,42,186
1,180000 ,Tông Đơ- Bộ Tông Đơ Cắt Tóc Jichen Tặng kèm 2 kéo cắt kéo tỉa,https://www.sendo.vn/tong-do-bo-tong-do-cat-toc-jichen-tang-kem-2-keo-cat-keo-tia-10144258.html?source_block_id=listing_products&source_info=desktop2_60_1553941322902_e2bc17c9433644dd8e164ee58cb2e044_0_algo5_-1_11_0_-1&source_page_id=cate1_norder_30_desc,11,86,469
1,149000 ,Combo 5 Kem Đánh Răng Chống Ê Buốt Thái Lan,https://www.sendo.vn/combo-5-kem-danh-rang-chong-e-buot-thai-lan-16003553.html?source_block_id=listing_products&source_info=desktop2_60_1553941322902_e2bc17c9433644dd8e164ee58cb2e044_0_algo5_-1_12_0_-1&source_page_id=cate1_norder_30_desc,12,64,277
1,300000 ,Kem chống nắng Cellio Green Tea Whitening Sun Cream SPF50 PA,https://www.sendo.vn/kem-chong-nang-cellio-green-tea-whitening-sun-cream-spf50-pa-16664990.html?source_block_id=listing_products&source_info=desktop2_60_1553941322902_e2bc17c9433644dd8e164ee58cb2e044_0_algo5_-1_13_0_-1&source_page_id=cate1_norder_30_desc,13,102,587
1,99000 ,Bộ Kềm Cắt Móng 12 Món Loại Lớn Cao Cấp,https://www.sendo.vn/bo-kem-cat-mong-12-mon-loai-lon-cao-cap-13438918.html?source_block_id=listing_products&source_info=desktop2_60_1553941322902_e2bc17c9433644dd8e164ee58cb2e044_0_algo5_-1_14_0_-1&source_page_id=cate1_norder_30_desc,14,58,611
1,119000 ,DẦU GỘI BỒ KẾT SẢ CHANH HOA BƯỞI THIÊN NHIÊN,https://www.sendo.vn/dau-goi-bo-ket-sa-chanh-hoa-buoi-thien-nhien-16637895.html?source_block_id=listing_products&source_info=desktop2_60_1553941322902_e2bc17c9433644dd8e164ee58cb2e044_0_algo5_-1_15_0_-1&source_page_id=cate1_norder_30_desc,15,24,127
1,150000 ,48 dao cạo râu lưỡi kép - Miễn phí vận chuyển,https://www.sendo.vn/48-dao-cao-rau-luoi-kep-mien-phi-van-chuyen-16065275.html?source_block_id=listing_products&source_info=desktop2_60_1553941322902_e2bc17c9433644dd8e164ee58cb2e044_0_algo5_-1_16_0_-1&source_page_id=cate1_norder_30_desc,16,47,236
1,160000 ,Combo 2 chai Dầu gội Clear Men 450ml- Nhập khẩu Thái Lan,https://www.sendo.vn/combo-2-chai-dau-goi-clear-men-450ml-nhap-khau-thai-lan-9483113.html?source_block_id=listing_products&source_info=desktop2_60_1553941322902_e2bc17c9433644dd8e164ee58cb2e044_0_algo5_-1_17_0_-1&source_page_id=cate1_norder_30_desc,17,264,880
1,138000 ,Kem nền dạng thỏi Concealer Light Cushion CC Stick của Images,https://www.sendo.vn/kem-nen-dang-thoi-concealer-light-cushion-cc-stick-cua-images-14076142.html?source_block_id=listing_products&source_info=desktop2_60_1553941322902_e2bc17c9433644dd8e164ee58cb2e044_0_algo5_-1_18_0_-1&source_page_id=cate1_norder_30_desc,18,28,122
1,169000 ,SERUM TINH CHẤT VÀNG [ĐỦ TEM],https://www.sendo.vn/serum-tinh-chat-vang-du-tem-9572978.html?source_block_id=listing_products&source_info=desktop2_60_1553941322902_e2bc17c9433644dd8e164ee58cb2e044_0_algo5_-1_19_0_-1&source_page_id=cate1_norder_30_desc,19,79,331
1,65000 ,Bộ dụng cụ kìm làm móng đa năng 12 món - Hàng loại 1,https://www.sendo.vn/bo-dung-cu-kim-lam-mong-da-nang-12-mon-hang-loai-1-9787588.html?source_block_id=listing_products&source_info=desktop2_60_1553941322902_e2bc17c9433644dd8e164ee58cb2e044_0_algo5_-1_20_0_-1&source_page_id=cate1_norder_30_desc,20,937,5400
1,88000 ,XỊT TRẮNG DA  MAYCREATE tặng 1 bút kẻ mắt nước cao cấp 39k,https://www.sendo.vn/xit-trang-da-maycreate-tang-1-but-ke-mat-nuoc-cao-cap-39k-14072081.html?source_block_id=listing_products&source_info=desktop2_60_1553941322902_e2bc17c9433644dd8e164ee58cb2e044_0_algo5_-1_21_0_-1&source_page_id=cate1_norder_30_desc,21,46,275
1,500000 ,NƯỚC HOA COOC SHIILYA QUYẾN RŨ,https://www.sendo.vn/nuoc-hoa-cooc-shiilya-quyen-ru-13652026.html?source_block_id=listing_products&source_info=desktop2_60_1553941322902_e2bc17c9433644dd8e164ee58cb2e044_0_algo5_-1_22_0_-1&source_page_id=cate1_norder_30_desc,22,24,80
1,69000 ,XỊT CHỐNG NẮNG TRANG ĐIỂM HÀN QUỐC SPRAY PROTECTIVE V7,https://www.sendo.vn/xit-chong-nang-trang-diem-han-quoc-spray-protective-v7-16542227.html?source_block_id=listing_products&source_info=desktop2_60_1553941322902_e2bc17c9433644dd8e164ee58cb2e044_0_algo5_-1_23_0_-1&source_page_id=cate1_norder_30_desc,23,51,194
1,55000 ,Bộ Dao Cạo Râu Gillette Vector,https://www.sendo.vn/bo-dao-cao-rau-gillette-vector-7841110.html?source_block_id=listing_products&source_info=desktop2_60_1553941322902_e2bc17c9433644dd8e164ee58cb2e044_0_algo5_-1_24_0_-1&source_page_id=cate1_norder_30_desc,24,43,123
1,400000 ,Set 3 chai nước hoa Maycreat sang chảnh quyến rũ,https://www.sendo.vn/set-3-chai-nuoc-hoa-maycreat-sang-chanh-quyen-ru-16312045.html?source_block_id=listing_products&source_info=desktop2_60_1553941322902_e2bc17c9433644dd8e164ee58cb2e044_0_algo5_-1_25_0_-1&source_page_id=cate1_norder_30_desc,25,29,119
1,39000 ,Nước hoa nam BLUE FOR HIM A.V.O.N 50ml,https://www.sendo.vn/nuoc-hoa-nam-blue-for-him-avon-50ml-4624496.html?source_block_id=listing_products&source_info=desktop2_60_1553941322902_e2bc17c9433644dd8e164ee58cb2e044_0_algo5_-1_26_0_-1&source_page_id=cate1_norder_30_desc,26,59,368
1,175000 ,Mascara Làm Dày Mi Gấp 10 Lần Và Ngăn Rụng Mi Maybe lline Magnum 9.2ml,https://www.sendo.vn/mascara-lam-day-mi-gap-10-lan-va-ngan-rung-mi-maybe-lline-magnum-92ml-16669981.html?source_block_id=listing_products&source_info=desktop2_60_1553941322902_e2bc17c9433644dd8e164ee58cb2e044_0_algo5_-1_27_0_-1&source_page_id=cate1_norder_30_desc,27,36,273
1,220000 ,Sữa Rửa Mặt Trà Xanh Green Tea Cleanser,https://www.sendo.vn/sua-rua-mat-tra-xanh-green-tea-cleanser-16787583.html?source_block_id=listing_products&source_info=desktop2_60_1553941322902_e2bc17c9433644dd8e164ee58cb2e044_0_algo5_-1_28_0_-1&source_page_id=cate1_norder_30_desc,28,20,97
1,450000 ,Nước hoa nam Maycreat 50ml  hot giới trẻ 2019,https://www.sendo.vn/nuoc-hoa-nam-maycreat-50ml-hot-gioi-tre-2019-13652019.html?source_block_id=listing_products&source_info=desktop2_60_1553941322902_e2bc17c9433644dd8e164ee58cb2e044_0_algo5_-1_29_0_-1&source_page_id=cate1_norder_30_desc,29,38,183
1,500000 ,Nước hoa nam nữ Maycreat 50ml ngọt ngào quyến rũ,https://www.sendo.vn/nuoc-hoa-nam-nu-maycreat-50ml-ngot-ngao-quyen-ru-13616212.html?source_block_id=listing_products&source_info=desktop2_60_1553941322902_e2bc17c9433644dd8e164ee58cb2e044_0_algo5_-1_30_0_-1&source_page_id=cate1_norder_30_desc,30,27,100
1,37000 ,Nước hoa Blue For Him,https://www.sendo.vn/nuoc-hoa-blue-for-him-3533305.html?source_block_id=listing_products&source_info=desktop2_60_1553941322902_e2bc17c9433644dd8e164ee58cb2e044_0_algo5_-1_31_0_-1&source_page_id=cate1_norder_30_desc,31,73,392
1,370000 ,Bộ 4 nước hoa Maycreat sang chảnh 50ml,https://www.sendo.vn/bo-4-nuoc-hoa-maycreat-sang-chanh-50ml-16270866.html?source_block_id=listing_products&source_info=desktop2_60_1553941322902_e2bc17c9433644dd8e164ee58cb2e044_0_algo5_-1_32_0_-1&source_page_id=cate1_norder_30_desc,32,23,98
1,99000 ,"Lược Sấy cúp, chải thẳng tóc  NHC8810-Hồng",https://www.sendo.vn/luoc-say-cup-chai-thang-toc-nhc8810-hong-13391915.html?source_block_id=listing_products&source_info=desktop2_60_1553941322902_e2bc17c9433644dd8e164ee58cb2e044_0_algo5_-1_33_0_-1&source_page_id=cate1_norder_30_desc,33,10,64
1,235000 ,[ FREE SHIP ] tông đơ - tông đơ cắt tóc Codol 531 tặng bộ kéo cắt tỉa,https://www.sendo.vn/free-ship-tong-do-tong-do-cat-toc-codol-531-tang-bo-keo-cat-tia-10197837.html?source_block_id=listing_products&source_info=desktop2_60_1553941322902_e2bc17c9433644dd8e164ee58cb2e044_0_algo5_-1_34_0_-1&source_page_id=cate1_norder_30_desc,34,224,948
1,60000 ,combo tắm trắng mềm và kem mềm chữ a,https://www.sendo.vn/combo-tam-trang-mem-va-kem-mem-chu-a-13353048.html?source_block_id=listing_products&source_info=desktop2_60_1553941322902_e2bc17c9433644dd8e164ee58cb2e044_0_algo5_-1_35_0_-1&source_page_id=cate1_norder_30_desc,35,47,394
1,129000 ,Máy cạo râu 9200,https://www.sendo.vn/may-cao-rau-9200-4982300.html?source_block_id=listing_products&source_info=desktop2_60_1553941322902_e2bc17c9433644dd8e164ee58cb2e044_0_algo5_-1_36_0_-1&source_page_id=cate1_norder_30_desc,36,37,186
1,300000 ,MUA 2 TẶNG 1 SON LÌ CÓ DƯỠNG MAYCREAT,https://www.sendo.vn/mua-2-tang-1-son-li-co-duong-maycreat-13528636.html?source_block_id=listing_products&source_info=desktop2_60_1553941322902_e2bc17c9433644dd8e164ee58cb2e044_0_algo5_-1_37_0_-1&source_page_id=cate1_norder_30_desc,37,29,100
1,89000 ,Nước súc miệng Listerine Coolmint 750ml tặng Kem đánh răng Closeup Bạc hà 30g,https://www.sendo.vn/nuoc-suc-mieng-listerine-coolmint-750ml-tang-kem-danh-rang-closeup-bac-ha-30g-12858712.html?source_block_id=listing_products&source_info=desktop2_60_1553941322902_e2bc17c9433644dd8e164ee58cb2e044_0_algo5_-1_38_0_-1&source_page_id=cate1_norder_30_desc,38,28,54
1,19000 ,Miếng dán tan mỡ bụng Hàn Quốc - Hộp gồm 5 miếng dán,https://www.sendo.vn/mieng-dan-tan-mo-bung-han-quoc-hop-gom-5-mieng-dan-12429608.html?source_block_id=listing_products&source_info=desktop2_60_1553941322902_e2bc17c9433644dd8e164ee58cb2e044_0_algo5_-1_39_0_-1&source_page_id=cate1_norder_30_desc,39,330,1800
1,119000 ,TÔNG ĐƠ CẮT TÓC KEMEI + 2 KÉO CẮT TỈA tặng lấy ráy tai,https://www.sendo.vn/tong-do-cat-toc-kemei-2-keo-cat-tia-tang-lay-ray-tai-16203422.html?source_block_id=listing_products&source_info=desktop2_60_1553941322902_e2bc17c9433644dd8e164ee58cb2e044_0_algo5_-1_40_0_-1&source_page_id=cate1_norder_30_desc,40,27,235
1,149000 ,ComBo 4 Tuýp Kem Đánh Răng Chống Ê Buốt 100ml - Chính Hãng Thái Lan,https://www.sendo.vn/combo-4-tuyp-kem-danh-rang-chong-e-buot-100ml-chinh-hang-thai-lan-16530029.html?source_block_id=listing_products&source_info=desktop2_60_1553941322902_e2bc17c9433644dd8e164ee58cb2e044_0_algo5_-1_41_0_-1&source_page_id=cate1_norder_30_desc,41,26,57
1,90000 ,Lăn khử mùi old spice | lan khu mui nam old spice xuất xứ Mỹ 85g,https://www.sendo.vn/lan-khu-mui-old-spice-lan-khu-mui-nam-old-spice-xuat-xu-my-85g-13998248.html?source_block_id=listing_products&source_info=desktop2_60_1553941322902_e2bc17c9433644dd8e164ee58cb2e044_0_algo5_-1_42_0_-1&source_page_id=cate1_norder_30_desc,42,29,111
1,500000 ,Nước hoa cooc shiliiya sexy nóng bỏng,https://www.sendo.vn/nuoc-hoa-cooc-shiliiya-sexy-nong-bong-13652044.html?source_block_id=listing_products&source_info=desktop2_60_1553941322902_e2bc17c9433644dd8e164ee58cb2e044_0_algo5_-1_43_0_-1&source_page_id=cate1_norder_30_desc,43,10,62
1,300000 ,Son lì Maycreat cao cấp sang chảnh,https://www.sendo.vn/son-li-maycreat-cao-cap-sang-chanh-13771320.html?source_block_id=listing_products&source_info=desktop2_60_1553941322902_e2bc17c9433644dd8e164ee58cb2e044_0_algo5_-1_44_0_-1&source_page_id=cate1_norder_30_desc,44,21,57
1,500000 ,Siêu sale Sữa dưỡng thể trắng da con bò Bioaqua,https://www.sendo.vn/sieu-sale-sua-duong-the-trang-da-con-bo-bioaqua-13615143.html?source_block_id=listing_products&source_info=desktop2_60_1553941322902_e2bc17c9433644dd8e164ee58cb2e044_0_algo5_-1_45_0_-1&source_page_id=cate1_norder_30_desc,45,139,877
1,139000 ,Kệ bàn để đồ trang điểm chân chó,https://www.sendo.vn/ke-ban-de-do-trang-diem-chan-cho-11606211.html?source_block_id=listing_products&source_info=desktop2_60_1553941322902_e2bc17c9433644dd8e164ee58cb2e044_0_algo5_-1_46_0_-1&source_page_id=cate1_norder_30_desc,46,11,59
1,580000 ,Nước hoa nữ COOC SHIILYA siêu ngọt ngào,https://www.sendo.vn/nuoc-hoa-nu-cooc-shiilya-sieu-ngot-ngao-13605965.html?source_block_id=listing_products&source_info=desktop2_60_1553941322902_e2bc17c9433644dd8e164ee58cb2e044_0_algo5_-1_47_0_-1&source_page_id=cate1_norder_30_desc,47,15,88
1,119000 ,Combo 2 Sữa tắm chính hãng Hàn Quốc Arriver Body Wash 750ml - Olive,https://www.sendo.vn/combo-2-sua-tam-chinh-hang-han-quoc-arriver-body-wash-750ml-olive-16439618.html?source_block_id=listing_products&source_info=desktop2_60_1553941322902_e2bc17c9433644dd8e164ee58cb2e044_0_algo5_-1_48_0_-1&source_page_id=cate1_norder_30_desc,48,54,217
1,540000 ,Nước hoa COOC SHIILYA siêu hot,https://www.sendo.vn/nuoc-hoa-cooc-shiilya-sieu-hot-13605634.html?source_block_id=listing_products&source_info=desktop2_60_1553941322902_e2bc17c9433644dd8e164ee58cb2e044_0_algo5_-1_49_0_-1&source_page_id=cate1_norder_30_desc,49,19,93
1,149000 ,Set 4 lọ nước hoa mini MayCreate,https://www.sendo.vn/set-4-lo-nuoc-hoa-mini-maycreate-13256244.html?source_block_id=listing_products&source_info=desktop2_60_1553941322902_e2bc17c9433644dd8e164ee58cb2e044_0_algo5_-1_50_0_-1&source_page_id=cate1_norder_30_desc,50,23,135
1,75000 ,Combo 10 miếng dán tan mỡ bụng HÀNG CHẤT LƯỢNG- HIỆU QUẢ SAU 10 LẦN DÁN tm15,https://www.sendo.vn/combo-10-mieng-dan-tan-mo-bung-hang-chat-luong-hieu-qua-sau-10-lan-dan-tm15-16537973.html?source_block_id=listing_products&source_info=desktop2_60_1553941322902_e2bc17c9433644dd8e164ee58cb2e044_0_algo5_-1_51_0_-1&source_page_id=cate1_norder_30_desc,51,7,54
1,19000 ,BODY VIP  hàng chuẩn công ty,https://www.sendo.vn/body-vip-hang-chuan-cong-ty-12001514.html?source_block_id=listing_products&source_info=desktop2_60_1553941322902_e2bc17c9433644dd8e164ee58cb2e044_0_algo5_-1_52_0_-1&source_page_id=cate1_norder_30_desc,52,207,1200
1,155000 ,Sữa Rửa Mặt Perfect White Clay 120g,https://www.sendo.vn/sua-rua-mat-perfect-white-clay-120g-16810550.html?source_block_id=listing_products&source_info=desktop2_60_1553941322902_e2bc17c9433644dd8e164ee58cb2e044_0_algo5_-1_53_0_-1&source_page_id=cate1_norder_30_desc,53,35,111
1,180000 ,SIÊU SALE- Sữa tắm trắng da con bò 800 ml,https://www.sendo.vn/sieu-sale-sua-tam-trang-da-con-bo-800-ml-13818918.html?source_block_id=listing_products&source_info=desktop2_60_1553941322902_e2bc17c9433644dd8e164ee58cb2e044_0_algo5_-1_54_0_-1&source_page_id=cate1_norder_30_desc,54,48,355
1,69000 ,Bộ TẨY SẸO Dvelinil và TRỊ SẸO Klirvin  [Chính hãng],https://www.sendo.vn/bo-tay-seo-dvelinil-va-tri-seo-klirvin-chinh-hang-12565826.html?source_block_id=listing_products&source_info=desktop2_60_1553941322902_e2bc17c9433644dd8e164ee58cb2e044_0_algo5_-1_55_0_-1&source_page_id=cate1_norder_30_desc,55,243,1600
1,99000 ,TÔNG ĐƠ CẮT TÓC KEMEI SIÊU TIỆN DỤNG TẠI NHÀ,https://www.sendo.vn/tong-do-cat-toc-kemei-sieu-tien-dung-tai-nha-16712819.html?source_block_id=listing_products&source_info=desktop2_60_1553941322902_e2bc17c9433644dd8e164ee58cb2e044_0_algo5_-1_56_0_-1&source_page_id=cate1_norder_30_desc,56,21,85
1,350000 ,Sữa tắm con bò BIOQUA 800 mL trắng da mềm mịn,https://www.sendo.vn/sua-tam-con-bo-bioqua-800-ml-trang-da-mem-min-13771028.html?source_block_id=listing_products&source_info=desktop2_60_1553941322902_e2bc17c9433644dd8e164ee58cb2e044_0_algo5_-1_57_0_-1&source_page_id=cate1_norder_30_desc,57,17,47
1,75110 ,24 lưỡi dao cạo râu kép - miễn phí vận chuyển,https://www.sendo.vn/24-luoi-dao-cao-rau-kep-mien-phi-van-chuyen-16167564.html?source_block_id=listing_products&source_info=desktop2_60_1553941322902_e2bc17c9433644dd8e164ee58cb2e044_0_algo5_-1_58_0_-1&source_page_id=cate1_norder_30_desc,58,26,114
1,70000 ,Kem làm tan mỡ bụng gừng ớt Flourish Thái Lan,https://www.sendo.vn/kem-lam-tan-mo-bung-gung-ot-flourish-thai-lan-11682898.html?source_block_id=listing_products&source_info=desktop2_60_1553941322902_e2bc17c9433644dd8e164ee58cb2e044_0_algo5_-1_59_0_-1&source_page_id=cate1_norder_30_desc,59,471,2600
1,195000 ,Kem tan mỡ cao gừng,https://www.sendo.vn/kem-tan-mo-cao-gung-13025685.html?source_block_id=listing_products&source_info=desktop2_60_1553941322902_e2bc17c9433644dd8e164ee58cb2e044_0_algo5_-1_60_0_-1&source_page_id=cate1_norder_30_desc,60,62,263
