Shopee: No.1 Belanja Online,SHOPEE,https://www.appannie.com/apps/google-play/app/com.shopee.id/details/,https://www.appannie.com/apps/google-play/app/com.shopee.id/keywords/?countries=US&device=&order_by=isPinned&order_type=desc&table_selections=34292&date=2018-12-03~2019-01-01&chart_type=rank&series=34292
Tokopedia - Aplikasi Pilihan Pengguna 2018,Tokopedia,https://www.appannie.com/apps/google-play/app/com.tokopedia.tkpd/details/,https://www.appannie.com/apps/google-play/app/com.tokopedia.tkpd/keywords/?countries=US&device=&order_by=isPinned&order_type=desc&table_selections=34292&date=2018-12-03~2019-01-01&chart_type=rank&series=34292
Lazada - Online Shopping & Deals,Lazada,https://www.appannie.com/apps/google-play/app/com.lazada.android/details/,https://www.appannie.com/apps/google-play/app/com.lazada.android/keywords/?countries=US&device=&order_by=isPinned&order_type=desc&table_selections=34292&date=2018-12-03~2019-01-01&chart_type=rank&series=34292
Bukalapak - Jual Beli Online,PT. Bukalapak.com,https://www.appannie.com/apps/google-play/app/com.bukalapak.android/details/,https://www.appannie.com/apps/google-play/app/com.bukalapak.android/keywords/?countries=US&device=&order_by=isPinned&order_type=desc&table_selections=34292&date=2018-12-03~2019-01-01&chart_type=rank&series=34292
OLX - Jual Beli Online,OLX,https://www.appannie.com/apps/google-play/app/com.app.tokobagus.betterb/details/,https://www.appannie.com/apps/google-play/app/com.app.tokobagus.betterb/keywords/?countries=US&device=&order_by=isPinned&order_type=desc&table_selections=34292&date=2018-12-03~2019-01-01&chart_type=rank&series=34292
JD.ID你的网上购物商城,JD.com,https://www.appannie.com/apps/google-play/app/jd.cdyjy.overseas.market.indonesia/details/,https://www.appannie.com/apps/google-play/app/jd.cdyjy.overseas.market.indonesia/keywords/?countries=US&device=&order_by=isPinned&order_type=desc&table_selections=34292&date=2018-12-03~2019-01-01&chart_type=rank&series=34292
Zilingo Shopping,Zilingo,https://www.appannie.com/apps/google-play/app/com.zilingo.users/details/,https://www.appannie.com/apps/google-play/app/com.zilingo.users/keywords/?countries=US&device=&order_by=isPinned&order_type=desc&table_selections=34292&date=2018-12-03~2019-01-01&chart_type=rank&series=34292
Akulaku-Kredit Cicil Pinjam Belanja,Akulaku,https://www.appannie.com/apps/google-play/app/io.silvrr.installment/details/,https://www.appannie.com/apps/google-play/app/io.silvrr.installment/keywords/?countries=US&device=&order_by=isPinned&order_type=desc&table_selections=34292&date=2018-12-03~2019-01-01&chart_type=rank&series=34292
Blibli.com Belanja Online Shop ala Mall,Blibli,https://www.appannie.com/apps/google-play/app/blibli.mobile.commerce/details/,https://www.appannie.com/apps/google-play/app/blibli.mobile.commerce/keywords/?countries=US&device=&order_by=isPinned&order_type=desc&table_selections=34292&date=2018-12-03~2019-01-01&chart_type=rank&series=34292
Shopintar - Cicilan Online Tanpa Kartu Kredit,SHOPINTAR,https://www.appannie.com/apps/google-play/app/id.co.shopintar/details/,https://www.appannie.com/apps/google-play/app/id.co.shopintar/keywords/?countries=US&device=&order_by=isPinned&order_type=desc&table_selections=34292&date=2018-12-03~2019-01-01&chart_type=rank&series=34292
Sale Stock - Toko Baju Wanita Online,Sale Stock,https://www.appannie.com/apps/google-play/app/id.salestock.mobile/details/,https://www.appannie.com/apps/google-play/app/id.salestock.mobile/keywords/?countries=US&device=&order_by=isPinned&order_type=desc&table_selections=34292&date=2018-12-03~2019-01-01&chart_type=rank&series=34292
Kudo: Agen Pulsa & PPOB Bayar Tagihan Online Murah,Kudo,https://www.appannie.com/apps/google-play/app/kudo.mobile.app/details/,https://www.appannie.com/apps/google-play/app/kudo.mobile.app/keywords/?countries=US&device=&order_by=isPinned&order_type=desc&table_selections=34292&date=2018-12-03~2019-01-01&chart_type=rank&series=34292
Mitra Bukalapak,PT. Bukalapak.com,https://www.appannie.com/apps/google-play/app/com.bukalapak.mitra/details/,https://www.appannie.com/apps/google-play/app/com.bukalapak.mitra/keywords/?countries=US&device=&order_by=isPinned&order_type=desc&table_selections=34292&date=2018-12-03~2019-01-01&chart_type=rank&series=34292
ZALORA時裝購物平台,Zalora,https://www.appannie.com/apps/google-play/app/com.zalora.android/details/,https://www.appannie.com/apps/google-play/app/com.zalora.android/keywords/?countries=US&device=&order_by=isPinned&order_type=desc&table_selections=34292&date=2018-12-03~2019-01-01&chart_type=rank&series=34292
Alibaba.com - Leading online B2B Trade Marketplace,Alibaba,https://www.appannie.com/apps/google-play/app/com.alibaba.intl.android.apps.poseidon/details/,https://www.appannie.com/apps/google-play/app/com.alibaba.intl.android.apps.poseidon/keywords/?countries=US&device=&order_by=isPinned&order_type=desc&table_selections=34292&date=2018-12-03~2019-01-01&chart_type=rank&series=34292
WOWBID,PT Wowbid Perintis Nusantara,https://www.appannie.com/apps/google-play/app/com.wowbid.android/details/,https://www.appannie.com/apps/google-play/app/com.wowbid.android/keywords/?countries=US&device=&order_by=isPinned&order_type=desc&table_selections=34292&date=2018-12-03~2019-01-01&chart_type=rank&series=34292
MATAHARI App,Matahari Department Store,https://www.appannie.com/apps/google-play/app/app.ndtv.matahari/details/,https://www.appannie.com/apps/google-play/app/app.ndtv.matahari/keywords/?countries=US&device=&order_by=isPinned&order_type=desc&table_selections=34292&date=2018-12-03~2019-01-01&chart_type=rank&series=34292
Mitra Tokopedia,Tokopedia,https://www.appannie.com/apps/google-play/app/com.tokopedia.kelontongapp/details/,https://www.appannie.com/apps/google-play/app/com.tokopedia.kelontongapp/keywords/?countries=US&device=&order_by=isPinned&order_type=desc&table_selections=34292&date=2018-12-03~2019-01-01&chart_type=rank&series=34292
Ponta Indonesia,Global Loyalty Indonesia,https://www.appannie.com/apps/google-play/app/com.mhn.ponta/details/,https://www.appannie.com/apps/google-play/app/com.mhn.ponta/keywords/?countries=US&device=&order_by=isPinned&order_type=desc&table_selections=34292&date=2018-12-03~2019-01-01&chart_type=rank&series=34292
Flash Go - Cashback langsung untuk pengguna baru,Kredit Mall,https://www.appannie.com/apps/google-play/app/com.cari.promo.diskon/details/,https://www.appannie.com/apps/google-play/app/com.cari.promo.diskon/keywords/?countries=US&device=&order_by=isPinned&order_type=desc&table_selections=34292&date=2018-12-03~2019-01-01&chart_type=rank&series=34292
Newchic-您的在线折扣时尚购物商城,Newchic,https://www.appannie.com/apps/google-play/app/com.newchic.client/details/,https://www.appannie.com/apps/google-play/app/com.newchic.client/keywords/?countries=US&device=&order_by=isPinned&order_type=desc&table_selections=34292&date=2018-12-03~2019-01-01&chart_type=rank&series=34292
Carouse﻿ll 旋转拍卖 - 你拍我买,Carousell,https://www.appannie.com/apps/google-play/app/com.thecarousell.Carousell/details/,https://www.appannie.com/apps/google-play/app/com.thecarousell.Carousell/keywords/?countries=US&device=&order_by=isPinned&order_type=desc&table_selections=34292&date=2018-12-03~2019-01-01&chart_type=rank&series=34292
DMall,PT. TallGeek,https://www.appannie.com/apps/google-play/app/id.mall.danamall.dm/details/,https://www.appannie.com/apps/google-play/app/id.mall.danamall.dm/keywords/?countries=US&device=&order_by=isPinned&order_type=desc&table_selections=34292&date=2018-12-03~2019-01-01&chart_type=rank&series=34292
GoodDeal,Ninras Group,https://www.appannie.com/apps/google-play/app/com.gooddeal.gooddeal/details/,https://www.appannie.com/apps/google-play/app/com.gooddeal.gooddeal/keywords/?countries=US&device=&order_by=isPinned&order_type=desc&table_selections=34292&date=2018-12-03~2019-01-01&chart_type=rank&series=34292
Vova - 輕鬆獲取贈品,VOVA,https://www.appannie.com/apps/google-play/app/com.vova.android/details/,https://www.appannie.com/apps/google-play/app/com.vova.android/keywords/?countries=US&device=&order_by=isPinned&order_type=desc&table_selections=34292&date=2018-12-03~2019-01-01&chart_type=rank&series=34292
AliExpress - Smarter Shopping Better Living,Alibaba,https://www.appannie.com/apps/google-play/app/com.alibaba.aliexpresshd/details/,https://www.appannie.com/apps/google-play/app/com.alibaba.aliexpresshd/keywords/?countries=US&device=&order_by=isPinned&order_type=desc&table_selections=34292&date=2018-12-03~2019-01-01&chart_type=rank&series=34292
ShopBack - 網購即享現金回饋｜Shopfest 購物節 - 隨時享受網購年中慶/週年慶折扣,ShopBack,https://www.appannie.com/apps/google-play/app/com.shopback.app/details/,https://www.appannie.com/apps/google-play/app/com.shopback.app/keywords/?countries=US&device=&order_by=isPinned&order_type=desc&table_selections=34292&date=2018-12-03~2019-01-01&chart_type=rank&series=34292
Mobil123 Mobil Baru dan Bekas,iCar Asia,https://www.appannie.com/apps/google-play/app/com.mobil123.www/details/,https://www.appannie.com/apps/google-play/app/com.mobil123.www/keywords/?countries=US&device=&order_by=isPinned&order_type=desc&table_selections=34292&date=2018-12-03~2019-01-01&chart_type=rank&series=34292
Ayopop - Pulsa PLN BPJS dengan Garansi Termurah,Ayopop.com,https://www.appannie.com/apps/google-play/app/com.ayopop/details/,https://www.appannie.com/apps/google-play/app/com.ayopop/keywords/?countries=US&device=&order_by=isPinned&order_type=desc&table_selections=34292&date=2018-12-03~2019-01-01&chart_type=rank&series=34292
Toko Online Indo,This Year Developer,https://www.appannie.com/apps/google-play/app/com.andromo.dev707753.app798991/details/,https://www.appannie.com/apps/google-play/app/com.andromo.dev707753.app798991/keywords/?countries=US&device=&order_by=isPinned&order_type=desc&table_selections=34292&date=2018-12-03~2019-01-01&chart_type=rank&series=34292
Klikindomaret - belanja online,Indomarco Prismatama,https://www.appannie.com/apps/google-play/app/com.indomaret.klikindomaret/details/,https://www.appannie.com/apps/google-play/app/com.indomaret.klikindomaret/keywords/?countries=US&device=&order_by=isPinned&order_type=desc&table_selections=34292&date=2018-12-03~2019-01-01&chart_type=rank&series=34292
Voucher Game Online Murah,GJM Media,https://www.appannie.com/apps/google-play/app/com.voucherelektrik.app/details/,https://www.appannie.com/apps/google-play/app/com.voucherelektrik.app/keywords/?countries=US&device=&order_by=isPinned&order_type=desc&table_selections=34292&date=2018-12-03~2019-01-01&chart_type=rank&series=34292
Seller Tokopedia - Jual Online,Tokopedia,https://www.appannie.com/apps/google-play/app/com.tokopedia.sellerapp/details/,https://www.appannie.com/apps/google-play/app/com.tokopedia.sellerapp/keywords/?countries=US&device=&order_by=isPinned&order_type=desc&table_selections=34292&date=2018-12-03~2019-01-01&chart_type=rank&series=34292
GearBest Online Shopping,GEARBEST(HONGKONG)LIMITED,https://www.appannie.com/apps/google-play/app/com.globalegrow.app.gearbest/details/,https://www.appannie.com/apps/google-play/app/com.globalegrow.app.gearbest/keywords/?countries=US&device=&order_by=isPinned&order_type=desc&table_selections=34292&date=2018-12-03~2019-01-01&chart_type=rank&series=34292
Banggood - Easy Online Shopping,Banggood,https://www.appannie.com/apps/google-play/app/com.banggood.client/details/,https://www.appannie.com/apps/google-play/app/com.banggood.client/keywords/?countries=US&device=&order_by=isPinned&order_type=desc&table_selections=34292&date=2018-12-03~2019-01-01&chart_type=rank&series=34292
Quick-Transaction,PT grtech,https://www.appannie.com/apps/google-play/app/com.quicktransaction.quicktransaction/details/,https://www.appannie.com/apps/google-play/app/com.quicktransaction.quicktransaction/keywords/?countries=US&device=&order_by=isPinned&order_type=desc&table_selections=34292&date=2018-12-03~2019-01-01&chart_type=rank&series=34292
IKEA Store,IKEA,https://www.appannie.com/apps/google-play/app/com.ikea.kompis/details/,https://www.appannie.com/apps/google-play/app/com.ikea.kompis/keywords/?countries=US&device=&order_by=isPinned&order_type=desc&table_selections=34292&date=2018-12-03~2019-01-01&chart_type=rank&series=34292
ZAFUL - My Fashion Story,Zaful,https://www.appannie.com/apps/google-play/app/com.zaful/details/,https://www.appannie.com/apps/google-play/app/com.zaful/keywords/?countries=US&device=&order_by=isPinned&order_type=desc&table_selections=34292&date=2018-12-03~2019-01-01&chart_type=rank&series=34292
小米商城,Xiaomi,https://www.appannie.com/apps/google-play/app/com.mi.global.shop/details/,https://www.appannie.com/apps/google-play/app/com.mi.global.shop/keywords/?countries=US&device=&order_by=isPinned&order_type=desc&table_selections=34292&date=2018-12-03~2019-01-01&chart_type=rank&series=34292
Wish - Shopping Made Fun,ContextLogic,https://www.appannie.com/apps/google-play/app/com.contextlogic.wish/details/,https://www.appannie.com/apps/google-play/app/com.contextlogic.wish/keywords/?countries=US&device=&order_by=isPinned&order_type=desc&table_selections=34292&date=2018-12-03~2019-01-01&chart_type=rank&series=34292
Laku6 Trade In,Laku6,https://www.appannie.com/apps/google-play/app/com.erafone.bct.lk6/details/,https://www.appannie.com/apps/google-play/app/com.erafone.bct.lk6/keywords/?countries=US&device=&order_by=isPinned&order_type=desc&table_selections=34292&date=2018-12-03~2019-01-01&chart_type=rank&series=34292
ADIDAS,Adidas,https://www.appannie.com/apps/google-play/app/asia.acommerce.adidasid/details/,https://www.appannie.com/apps/google-play/app/asia.acommerce.adidasid/keywords/?countries=US&device=&order_by=isPinned&order_type=desc&table_selections=34292&date=2018-12-03~2019-01-01&chart_type=rank&series=34292
BoostPlay - Fun Shopping Experience,Axiata Digital,https://www.appannie.com/apps/google-play/app/com.dialog.boost.client.android/details/,https://www.appannie.com/apps/google-play/app/com.dialog.boost.client.android/keywords/?countries=US&device=&order_by=isPinned&order_type=desc&table_selections=34292&date=2018-12-03~2019-01-01&chart_type=rank&series=34292
MyPoin,Indomarco Prismatama,https://www.appannie.com/apps/google-play/app/mypoin.indomaret.android/details/,https://www.appannie.com/apps/google-play/app/mypoin.indomaret.android/keywords/?countries=US&device=&order_by=isPinned&order_type=desc&table_selections=34292&date=2018-12-03~2019-01-01&chart_type=rank&series=34292
MatahariMall.com - Beli Aja,Matahari Department Store,https://www.appannie.com/apps/google-play/app/com.mataharimall.mmandroid/details/,https://www.appannie.com/apps/google-play/app/com.mataharimall.mmandroid/keywords/?countries=US&device=&order_by=isPinned&order_type=desc&table_selections=34292&date=2018-12-03~2019-01-01&chart_type=rank&series=34292
條碼掃描器,ZXing Team,https://www.appannie.com/apps/google-play/app/com.google.zxing.client.android/details/,https://www.appannie.com/apps/google-play/app/com.google.zxing.client.android/keywords/?countries=US&device=&order_by=isPinned&order_type=desc&table_selections=34292&date=2018-12-03~2019-01-01&chart_type=rank&series=34292
二维码条码扫描器,AndroidRock,https://www.appannie.com/apps/google-play/app/com.androidrocker.qrscanner/details/,https://www.appannie.com/apps/google-play/app/com.androidrocker.qrscanner/keywords/?countries=US&device=&order_by=isPinned&order_type=desc&table_selections=34292&date=2018-12-03~2019-01-01&chart_type=rank&series=34292
Prioriti,Prioriti Pte Ltd,https://www.appannie.com/apps/google-play/app/com.prioriti.smartshopper/details/,https://www.appannie.com/apps/google-play/app/com.prioriti.smartshopper/keywords/?countries=US&device=&order_by=isPinned&order_type=desc&table_selections=34292&date=2018-12-03~2019-01-01&chart_type=rank&series=34292
Super Cash,Caluyo Monaghan,https://www.appannie.com/apps/google-play/app/com.rivals.grudge/details/,https://www.appannie.com/apps/google-play/app/com.rivals.grudge/keywords/?countries=US&device=&order_by=isPinned&order_type=desc&table_selections=34292&date=2018-12-03~2019-01-01&chart_type=rank&series=34292
Holiday Shopping Deals: Buy Sell & Save with eBay,eBay,https://www.appannie.com/apps/google-play/app/com.ebay.mobile/details/,https://www.appannie.com/apps/google-play/app/com.ebay.mobile/keywords/?countries=US&device=&order_by=isPinned&order_type=desc&table_selections=34292&date=2018-12-03~2019-01-01&chart_type=rank&series=34292
Amazon Shopping,Amazon,https://www.appannie.com/apps/google-play/app/com.amazon.mShop.android.shopping/details/,https://www.appannie.com/apps/google-play/app/com.amazon.mShop.android.shopping/keywords/?countries=US&device=&order_by=isPinned&order_type=desc&table_selections=34292&date=2018-12-03~2019-01-01&chart_type=rank&series=34292
KALBE Store,Karya Hasta Dinamika,https://www.appannie.com/apps/google-play/app/com.kalbestore/details/,https://www.appannie.com/apps/google-play/app/com.kalbestore/keywords/?countries=US&device=&order_by=isPinned&order_type=desc&table_selections=34292&date=2018-12-03~2019-01-01&chart_type=rank&series=34292
MNC Shop - Home Shopping Terpercaya,MNC GS HOMESHOPPING,https://www.appannie.com/apps/google-play/app/id.co.mncshop.android/details/,https://www.appannie.com/apps/google-play/app/id.co.mncshop.android/keywords/?countries=US&device=&order_by=isPinned&order_type=desc&table_selections=34292&date=2018-12-03~2019-01-01&chart_type=rank&series=34292
Kredit HP - Ngebet Kredit Laku6,Laku6,https://www.appannie.com/apps/google-play/app/com.laku6.ngebetkredit/details/,https://www.appannie.com/apps/google-play/app/com.laku6.ngebetkredit/keywords/?countries=US&device=&order_by=isPinned&order_type=desc&table_selections=34292&date=2018-12-03~2019-01-01&chart_type=rank&series=34292
Suplier Busana - Online Shop,Jobs Studio,https://www.appannie.com/apps/google-play/app/com.app.suplierbusananew/details/,https://www.appannie.com/apps/google-play/app/com.app.suplierbusananew/keywords/?countries=US&device=&order_by=isPinned&order_type=desc&table_selections=34292&date=2018-12-03~2019-01-01&chart_type=rank&series=34292
TaniHub - Belanja & Dukung Petani Kita,PT Tani Hub Indonesia,https://www.appannie.com/apps/google-play/app/com.tanihub.vaesdothrak/details/,https://www.appannie.com/apps/google-play/app/com.tanihub.vaesdothrak/keywords/?countries=US&device=&order_by=isPinned&order_type=desc&table_selections=34292&date=2018-12-03~2019-01-01&chart_type=rank&series=34292
Watsons ID,Watson,https://www.appannie.com/apps/google-play/app/com.watsons.id.android/details/,https://www.appannie.com/apps/google-play/app/com.watsons.id.android/keywords/?countries=US&device=&order_by=isPinned&order_type=desc&table_selections=34292&date=2018-12-03~2019-01-01&chart_type=rank&series=34292
Snapcart – Snap Receipts Get Cashbacks,Snapcart,https://www.appannie.com/apps/google-play/app/com.snapcart.android/details/,https://www.appannie.com/apps/google-play/app/com.snapcart.android/keywords/?countries=US&device=&order_by=isPinned&order_type=desc&table_selections=34292&date=2018-12-03~2019-01-01&chart_type=rank&series=34292
Jollychic-網上購物商城，打造全新生活方式,JOLLYCHIC EC LIMITED,https://www.appannie.com/apps/google-play/app/com.jollycorp.jollychic/details/,https://www.appannie.com/apps/google-play/app/com.jollycorp.jollychic/keywords/?countries=US&device=&order_by=isPinned&order_type=desc&table_selections=34292&date=2018-12-03~2019-01-01&chart_type=rank&series=34292
iLOTTE,Indo Lotte Makmur,https://www.appannie.com/apps/google-play/app/com.ilotte.mc.ilotte/details/,https://www.appannie.com/apps/google-play/app/com.ilotte.mc.ilotte/keywords/?countries=US&device=&order_by=isPinned&order_type=desc&table_selections=34292&date=2018-12-03~2019-01-01&chart_type=rank&series=34292
BLANJA - Jual Beli Online,Metraplasa,https://www.appannie.com/apps/google-play/app/com.blanja.apps.android/details/,https://www.appannie.com/apps/google-play/app/com.blanja.apps.android/keywords/?countries=US&device=&order_by=isPinned&order_type=desc&table_selections=34292&date=2018-12-03~2019-01-01&chart_type=rank&series=34292
Berrybenka,Berrybenka,https://www.appannie.com/apps/google-play/app/com.berrybenka.android/details/,https://www.appannie.com/apps/google-play/app/com.berrybenka.android/keywords/?countries=US&device=&order_by=isPinned&order_type=desc&table_selections=34292&date=2018-12-03~2019-01-01&chart_type=rank&series=34292
elevenia – yang kamu cari ada,XL Planet,https://www.appannie.com/apps/google-play/app/id.co.elevenia/details/,https://www.appannie.com/apps/google-play/app/id.co.elevenia/keywords/?countries=US&device=&order_by=isPinned&order_type=desc&table_selections=34292&date=2018-12-03~2019-01-01&chart_type=rank&series=34292
SEPHORA絲芙蘭 - Beauty Shopping,Sephora,https://www.appannie.com/apps/google-play/app/com.sephora.digital/details/,https://www.appannie.com/apps/google-play/app/com.sephora.digital/keywords/?countries=US&device=&order_by=isPinned&order_type=desc&table_selections=34292&date=2018-12-03~2019-01-01&chart_type=rank&series=34292
Gramedia,Gramedia Digital Nusantara,https://www.appannie.com/apps/google-play/app/com.gramedia.retail/details/,https://www.appannie.com/apps/google-play/app/com.gramedia.retail/keywords/?countries=US&device=&order_by=isPinned&order_type=desc&table_selections=34292&date=2018-12-03~2019-01-01&chart_type=rank&series=34292
Optik Melawai,optik melawai,https://www.appannie.com/apps/google-play/app/com.optikmelawai.optikmelawai/details/,https://www.appannie.com/apps/google-play/app/com.optikmelawai.optikmelawai/keywords/?countries=US&device=&order_by=isPinned&order_type=desc&table_selections=34292&date=2018-12-03~2019-01-01&chart_type=rank&series=34292
Sayurbox,Kreasi Nostra Mandiri,https://www.appannie.com/apps/google-play/app/com.sayurbox/details/,https://www.appannie.com/apps/google-play/app/com.sayurbox/keywords/?countries=US&device=&order_by=isPinned&order_type=desc&table_selections=34292&date=2018-12-03~2019-01-01&chart_type=rank&series=34292
Style Theory: Rent Wear Swap,StyleTheory,https://www.appannie.com/apps/google-play/app/com.styletheory.android/details/,https://www.appannie.com/apps/google-play/app/com.styletheory.android/keywords/?countries=US&device=&order_by=isPinned&order_type=desc&table_selections=34292&date=2018-12-03~2019-01-01&chart_type=rank&series=34292
Lakupon,PT Online Pertama,https://www.appannie.com/apps/google-play/app/com.lakupon/details/,https://www.appannie.com/apps/google-play/app/com.lakupon/keywords/?countries=US&device=&order_by=isPinned&order_type=desc&table_selections=34292&date=2018-12-03~2019-01-01&chart_type=rank&series=34292
Mobayar,PT Maju Lintas Mandiri,https://www.appannie.com/apps/google-play/app/com.mobayar.android/details/,https://www.appannie.com/apps/google-play/app/com.mobayar.android/keywords/?countries=US&device=&order_by=isPinned&order_type=desc&table_selections=34292&date=2018-12-03~2019-01-01&chart_type=rank&series=34292
Mentimun,Dinamika Mitra Sukses Makmur,https://www.appannie.com/apps/google-play/app/com.mentimun.pasarrakyat/details/,https://www.appannie.com/apps/google-play/app/com.mentimun.pasarrakyat/keywords/?countries=US&device=&order_by=isPinned&order_type=desc&table_selections=34292&date=2018-12-03~2019-01-01&chart_type=rank&series=34292
Ramayana Member Card,Ramayana,https://www.appannie.com/apps/google-play/app/com.moonhint.ramayanapoinapp/details/,https://www.appannie.com/apps/google-play/app/com.moonhint.ramayanapoinapp/keywords/?countries=US&device=&order_by=isPinned&order_type=desc&table_selections=34292&date=2018-12-03~2019-01-01&chart_type=rank&series=34292
Agen Pulsa Termurah,Sagus's Development,https://www.appannie.com/apps/google-play/app/web.id.isipulsa.appkita/details/,https://www.appannie.com/apps/google-play/app/web.id.isipulsa.appkita/keywords/?countries=US&device=&order_by=isPinned&order_type=desc&table_selections=34292&date=2018-12-03~2019-01-01&chart_type=rank&series=34292
Jakmall - Belanja Online Termurah,Jakmall,https://www.appannie.com/apps/google-play/app/com.jakmall/details/,https://www.appannie.com/apps/google-play/app/com.jakmall/keywords/?countries=US&device=&order_by=isPinned&order_type=desc&table_selections=34292&date=2018-12-03~2019-01-01&chart_type=rank&series=34292
Paket Kuota Murah,Paket Kuota App,https://www.appannie.com/apps/google-play/app/com.u9media.paketkuota2/details/,https://www.appannie.com/apps/google-play/app/com.u9media.paketkuota2/keywords/?countries=US&device=&order_by=isPinned&order_type=desc&table_selections=34292&date=2018-12-03~2019-01-01&chart_type=rank&series=34292
Jakartanotebook.com,Jakartanotebook.com,https://www.appannie.com/apps/google-play/app/com.jaknot/details/,https://www.appannie.com/apps/google-play/app/com.jaknot/keywords/?countries=US&device=&order_by=isPinned&order_type=desc&table_selections=34292&date=2018-12-03~2019-01-01&chart_type=rank&series=34292
Pomelo Fashion,Pomelo Fashion,https://www.appannie.com/apps/google-play/app/com.mobile.pomelo/details/,https://www.appannie.com/apps/google-play/app/com.mobile.pomelo/keywords/?countries=US&device=&order_by=isPinned&order_type=desc&table_selections=34292&date=2018-12-03~2019-01-01&chart_type=rank&series=34292
QuuBe,GIOSIS LIMITED,https://www.appannie.com/apps/google-play/app/xyz.quube.mobile/details/,https://www.appannie.com/apps/google-play/app/xyz.quube.mobile/keywords/?countries=US&device=&order_by=isPinned&order_type=desc&table_selections=34292&date=2018-12-03~2019-01-01&chart_type=rank&series=34292
VIP Plaza: Fashion Online Shop - 100% Original,VIP Plaza,https://www.appannie.com/apps/google-play/app/com.vipplaza.android/details/,https://www.appannie.com/apps/google-play/app/com.vipplaza.android/keywords/?countries=US&device=&order_by=isPinned&order_type=desc&table_selections=34292&date=2018-12-03~2019-01-01&chart_type=rank&series=34292
Pasarwarga - Cicilan Belanja Online,Pasarwarga,https://www.appannie.com/apps/google-play/app/com.pasarwarga.market/details/,https://www.appannie.com/apps/google-play/app/com.pasarwarga.market/keywords/?countries=US&device=&order_by=isPinned&order_type=desc&table_selections=34292&date=2018-12-03~2019-01-01&chart_type=rank&series=34292
KASKUS Jual Beli,Kaskus Networks,https://www.appannie.com/apps/google-play/app/com.kaskus.fjb/details/,https://www.appannie.com/apps/google-play/app/com.kaskus.fjb/keywords/?countries=US&device=&order_by=isPinned&order_type=desc&table_selections=34292&date=2018-12-03~2019-01-01&chart_type=rank&series=34292
Bisatopup - PPOB Online Murah,Amanah Techno Labs,https://www.appannie.com/apps/google-play/app/com.amanah.bisatopupcom/details/,https://www.appannie.com/apps/google-play/app/com.amanah.bisatopupcom/keywords/?countries=US&device=&order_by=isPinned&order_type=desc&table_selections=34292&date=2018-12-03~2019-01-01&chart_type=rank&series=34292
TokoTalk - Solusi Jualan Online,CodeBrick,https://www.appannie.com/apps/google-play/app/co.codebrick.android.tokotalk/details/,https://www.appannie.com/apps/google-play/app/co.codebrick.android.tokotalk/keywords/?countries=US&device=&order_by=isPinned&order_type=desc&table_selections=34292&date=2018-12-03~2019-01-01&chart_type=rank&series=34292
BUMP - Buy & Sell Streetwear,S94 Inc.,https://www.appannie.com/apps/google-play/app/com.sobump.bump/details/,https://www.appannie.com/apps/google-play/app/com.sobump.bump/keywords/?countries=US&device=&order_by=isPinned&order_type=desc&table_selections=34292&date=2018-12-03~2019-01-01&chart_type=rank&series=34292
Akulaku Merchant,Akulaku,https://www.appannie.com/apps/google-play/app/com.akulaku.akulakumerchants/details/,https://www.appannie.com/apps/google-play/app/com.akulaku.akulakumerchants/keywords/?countries=US&device=&order_by=isPinned&order_type=desc&table_selections=34292&date=2018-12-03~2019-01-01&chart_type=rank&series=34292
Boost Penjual,Axiata Digital,https://www.appannie.com/apps/google-play/app/com.dialog.boost.merchant.android/details/,https://www.appannie.com/apps/google-play/app/com.dialog.boost.merchant.android/keywords/?countries=US&device=&order_by=isPinned&order_type=desc&table_selections=34292&date=2018-12-03~2019-01-01&chart_type=rank&series=34292
Agen Pulsa dan Kuota Murah - GjmPulsa,GJM Media,https://www.appannie.com/apps/google-play/app/com.gjmpulsa.webapp/details/,https://www.appannie.com/apps/google-play/app/com.gjmpulsa.webapp/keywords/?countries=US&device=&order_by=isPinned&order_type=desc&table_selections=34292&date=2018-12-03~2019-01-01&chart_type=rank&series=34292
Tiendeo - Catálogos y ofertas,Tiendeo,https://www.appannie.com/apps/google-play/app/com.geomobile.tiendeo/details/,https://www.appannie.com/apps/google-play/app/com.geomobile.tiendeo/keywords/?countries=US&device=&order_by=isPinned&order_type=desc&table_selections=34292&date=2018-12-03~2019-01-01&chart_type=rank&series=34292
Kioser - Semua Bisa Jualan,PT Kioser Teknologi Indonesia,https://www.appannie.com/apps/google-play/app/com.kioser.app/details/,https://www.appannie.com/apps/google-play/app/com.kioser.app/keywords/?countries=US&device=&order_by=isPinned&order_type=desc&table_selections=34292&date=2018-12-03~2019-01-01&chart_type=rank&series=34292
Qoo10,Giosis,https://www.appannie.com/apps/google-play/app/net.giosis.shopping.sg/details/,https://www.appannie.com/apps/google-play/app/net.giosis.shopping.sg/keywords/?countries=US&device=&order_by=isPinned&order_type=desc&table_selections=34292&date=2018-12-03~2019-01-01&chart_type=rank&series=34292
Optik Seis,Optik Seis,https://www.appannie.com/apps/google-play/app/com.riverview.opticseis/details/,https://www.appannie.com/apps/google-play/app/com.riverview.opticseis/keywords/?countries=US&device=&order_by=isPinned&order_type=desc&table_selections=34292&date=2018-12-03~2019-01-01&chart_type=rank&series=34292
OkeShop,Laku6,https://www.appannie.com/apps/google-play/app/com.trio.bct.lk6/details/,https://www.appannie.com/apps/google-play/app/com.trio.bct.lk6/keywords/?countries=US&device=&order_by=isPinned&order_type=desc&table_selections=34292&date=2018-12-03~2019-01-01&chart_type=rank&series=34292
Apps sale - apps gone free - apps promo codes,Neelam Bhanushali,https://www.appannie.com/apps/google-play/app/com.greatapps.appssales/details/,https://www.appannie.com/apps/google-play/app/com.greatapps.appssales/keywords/?countries=US&device=&order_by=isPinned&order_type=desc&table_selections=34292&date=2018-12-03~2019-01-01&chart_type=rank&series=34292
LEJEL Home Shopping,LEJEL,https://www.appannie.com/apps/google-play/app/com.shopping.lejel.lejelhome/details/,https://www.appannie.com/apps/google-play/app/com.shopping.lejel.lejelhome/keywords/?countries=US&device=&order_by=isPinned&order_type=desc&table_selections=34292&date=2018-12-03~2019-01-01&chart_type=rank&series=34292
Alfa Mikro - Alfamart,Alfamart,https://www.appannie.com/apps/google-play/app/com.alfacart.alfamikroapp/details/,https://www.appannie.com/apps/google-play/app/com.alfacart.alfamikroapp/keywords/?countries=US&device=&order_by=isPinned&order_type=desc&table_selections=34292&date=2018-12-03~2019-01-01&chart_type=rank&series=34292
RUMAH KOSMETIK,CV.A&H GROUP,https://www.appannie.com/apps/google-play/app/com.bikinaplikasi.rumahkosmetik/details/,https://www.appannie.com/apps/google-play/app/com.bikinaplikasi.rumahkosmetik/keywords/?countries=US&device=&order_by=isPinned&order_type=desc&table_selections=34292&date=2018-12-03~2019-01-01&chart_type=rank&series=34292
B&H Photo Video Pro Audio,B&H Photo,https://www.appannie.com/apps/google-play/app/com.bhphoto/details/,https://www.appannie.com/apps/google-play/app/com.bhphoto/keywords/?countries=US&device=&order_by=isPinned&order_type=desc&table_selections=34292&date=2018-12-03~2019-01-01&chart_type=rank&series=34292
DuitinAja,Duitinaja,https://www.appannie.com/apps/google-play/app/com.duitinaja/details/,https://www.appannie.com/apps/google-play/app/com.duitinaja/keywords/?countries=US&device=&order_by=isPinned&order_type=desc&table_selections=34292&date=2018-12-03~2019-01-01&chart_type=rank&series=34292
Swalayan Kendari Blanja,Kendari Blanja,https://www.appannie.com/apps/google-play/app/com.bikinaplikasi.kendariblanja/details/,https://www.appannie.com/apps/google-play/app/com.bikinaplikasi.kendariblanja/keywords/?countries=US&device=&order_by=isPinned&order_type=desc&table_selections=34292&date=2018-12-03~2019-01-01&chart_type=rank&series=34292
Paket Data Murah,Sagus's Development,https://www.appannie.com/apps/google-play/app/web.id.isipulsa.data/details/,https://www.appannie.com/apps/google-play/app/web.id.isipulsa.data/keywords/?countries=US&device=&order_by=isPinned&order_type=desc&table_selections=34292&date=2018-12-03~2019-01-01&chart_type=rank&series=34292
