Platform,Category,Item Name,Brand,List Price,Price,Specification,Warranty Service,Stock,Warning Code,Shipping Fee,Item Url
Shopee,Jam Tangan:Jam Tangan Pria:Digital,Bayar di Tempat Fashion Pria EGY Jam Tangan LED Mewah Anti Air untuk PelajarHadiah,Tidak Ada Merek,Rp28.200,Rp15.000,#1:#2:#3:#4,Garansi Shopee Dapatkan barang pesananmu atau uang kembali.,1000,10,15,https://shopee.co.id/%E3%80%90Bayar-di-Tempat-%E3%80%91Fashion-Pria-EGY-Jam-Tangan-LED-Mewah-Anti-Air-untuk-Pelajar-Hadiah-i.27636663.406124016
Shopee,Jam Tangan:Jam Tangan Pria,Jam Tangan QuickSilver Kulit,Tidak Ada Merek,Rp150.000,Rp65.000,CKLT TUA JARUM PUTIH:CKLT MUDA JARUM PUTI:HITAM JARUM PUTIH,Garansi Shopee Dapatkan barang pesananmu atau uang kembali.,1000,10,15,https://shopee.co.id/Jam-Tangan-QuickSilver-Kulit-i.6684120.71575024
Shopee,Jam Tangan:Jam Tangan Pria:Digital,Jam Tangan Pria cowok Casio G shock Gshock dw5600 bb FULL BLACK LIMITED EDITION,Tidak Ada Merek,Rp170.000,Rp66.300, ,Garansi Shopee Dapatkan barang pesananmu atau uang kembali.,1000,10,15,https://shopee.co.id/Jam-Tangan-Pria-cowok-Casio-G-shock-Gshock-dw5600-bb-FULL-BLACK-LIMITED-EDITION-i.3101662.52375737
Shopee,Jam Tangan:Jam Tangan Pria,Saint Costie Jam Tangan Pria - Body SilverWhite Dial-Sc-5320G-SW-Stainless Stell Band,Saint Costie,Rp375.000,Rp76.500, ,Garansi Shopee Dapatkan barang pesananmu atau uang kembali.,1000,10,15,https://shopee.co.id/Saint-Costie-Jam-Tangan-Pria-Body-Silver-White-Dial-Sc-5320G-SW-Stainless-Stell-Band-i.16243998.393228367
Shopee,Jam Tangan:Jam Tangan Pria,Fashion Pria Jam Tangan Sport Digital LED Bahan Karet Anti Air dengan TanggalLampu Malam,Tidak Ada Merek,Rp34.000 - Rp38.000,Rp23.500,Blue;size:43.5 mm:Orange;size:43.5 mm:Black;size:43.5 mm:Yellow;size:43.5 mm:Red;size:43.5 mm:Black;size:37.5 mm:Red;size:37.5 mm:Blue;size:37.5 mm:Orange;size:37.5 mm:ellow;size:37.5 mm,Garansi Shopee Dapatkan barang pesananmu atau uang kembali.,1000,10,15,https://shopee.co.id/Fashion-Pria-Jam-Tangan-Sport-Digital-LED-Bahan-Karet-Anti-Air-dengan-Tanggal-Lampu-Malam-i.17430886.340377218
Shopee,Jam Tangan:Jam Tangan Pria:Digital,Jam tangan pria cowok casio gshock laki2 grosir murah dual time digital analog CX027 CX036,Casio,Rp67.500,Rp67.500,CX027 BLACK FOTO KE1:CX027 WHITE FTO KE 2:CX027 RED FOTO KE 3:CX027 ARMY FTO KE 4:CX036 BLACK FOTO 5:CX036 FULLRED FOTO 6:CX036 LISTRED FT 7:CX036 BLUE FTO KE 8:CX036 GREEN FTO KE 9,Garansi Shopee Dapatkan barang pesananmu atau uang kembali.,1000,10,15,https://shopee.co.id/Jam-tangan-pria-cowok-casio-gshock-laki2-grosir-murah-dual-time-digital-analog-CX027-CX036-i.15777024.282457060
Shopee,Jam Tangan:Jam Tangan Pria,SOKI MILLENIALS - Jam tangan pria arloji pria sporty mens watch - SOKI - FREE GIFT BOX,Soki,Rp149.000,Rp59.000,BLACK/HITAM:BROWN/COKLAT:GREEN/HIJAU:COFFEE/COKLAT TUA,Garansi Shopee Dapatkan barang pesananmu atau uang kembali.,1000,10,15,https://shopee.co.id/SOKI-MILLENIALS-Jam-tangan-pria-arloji-pria-sporty-men's-watch-SOKI-FREE-GIFT-BOX-i.2298744.1407549922
Shopee,Jam Tangan:Jam Tangan Pria,Bayar Di TempatReady Stock Jam Tangan Quartz Analog Pria Wanita Tali Stainless Steel,Tidak Ada Merek,Rp40.000,Rp27.016,White Women's:White Men's:Black Women's:Black Men's,Garansi Shopee Dapatkan barang pesananmu atau uang kembali.,1000,10,15,https://shopee.co.id/-Bayar-Di-Tempat-Ready-Stock-!!-Jam-Tangan-Quartz-Analog-Pria-Wanita-Tali-Stainless-Steel-i.13036197.101779161
Shopee,Jam Tangan:Jam Tangan Pria,Yazole Jam Tangan Pria Casual Quartz Analog Fashion W12 - Black,Yazole,Rp51.000,Rp28.000, ,Garansi Shopee Dapatkan barang pesananmu atau uang kembali.,1000,10,15,https://shopee.co.id/Yazole-Jam-Tangan-Pria-Casual-Quartz-Analog-Fashion-W12-Black-i.61941735.1019704774
Shopee,Jam Tangan:Jam Tangan Pria,Orlando Jam Tangan Pria Korea Fashion SW022,Orlando,Rp69.000,Rp29.000,Black:Blue:White,Garansi Shopee Dapatkan barang pesananmu atau uang kembali.,1000,10,15,https://shopee.co.id/Orlando-Jam-Tangan-Pria-Korea-Fashion-SW022-i.61941735.1019704835
Shopee,Jam Tangan:Jam Tangan Pria:Digital,Bayar Di TempatJam Tangan Sport Pria SKMEI 1243 Hitam Original Murah Tahan Air 5 ATM,SKMEI,Rp87.000,Rp72.000,Black:Red:Gold,Garansi Shopee Dapatkan barang pesananmu atau uang kembali.,1000,10,15,https://shopee.co.id/-Bayar-Di-Tempat-Jam-Tangan-Sport-Pria-SKMEI-1243-Hitam-Original-Murah-Tahan-Air-5-ATM-i.8834996.730998438
Shopee,Jam Tangan:Jam Tangan Pria:Digital,Dikirim dr Jakarta BISA COD CS-91 Jam Tangan Pria Wanita Digital,Tidak Ada Merek,Rp55.000,Rp22.500,Unisex,Garansi Shopee Dapatkan barang pesananmu atau uang kembali.,1000,10,15,https://shopee.co.id/(Dikirim-dr-Jakarta)-BISA-COD-CS-91-Jam-Tangan-Pria-Wanita-Digital-i.67736377.1152024990
Shopee,Jam Tangan:Jam Tangan Pria,XIAOYA Nyala Malam Hari Tanggal 3 Mata Quartz Jam Tangan Pria 1282 Simple 3 Eyes Calendar Men Watc,Xiaoya,Rp225.624,Rp56.406,full black:black-white:black-gold:coffee-white,Garansi Shopee Dapatkan barang pesananmu atau uang kembali.,1000,10,15,https://shopee.co.id/XIAOYA-Nyala-Malam-Hari-Tanggal-3-Mata-Quartz-Jam-Tangan-Pria-1282-Simple-3-Eyes-Calendar-Men-Watc-i.23334625.1633467705
Shopee,Jam Tangan:Jam Tangan Pria,BEST SELLER Jam Tangan Pria Casio G Shock Premium GG 1000 Ready banyak warna,Casio,Rp73.000 - Rp82.500,Rp70.000 - Rp73.000,black gold:full black:black white:hitam biru:hitam merah:Tali Hijau:Tali Abu abu:Tali Krem (pasir),Garansi Shopee Dapatkan barang pesananmu atau uang kembali.,1000,10,15,https://shopee.co.id/BEST-SELLER!!!-Jam-Tangan-Pria-Casio-G-Shock-Premium-GG-1000-Ready-banyak-warna-i.32227454.840481698
Shopee,Jam Tangan:Jam Tangan Pria,Yazole 296 Jam Tangan Pria Original Business Quartz Watches,Tidak Ada Merek,Rp44.000,Rp44.000,Black/Stainless Dial:Black/Black Dial:Brown/Brown Dial,Garansi Shopee Dapatkan barang pesananmu atau uang kembali.,1000,10,15,https://shopee.co.id/Yazole-296-Jam-Tangan-Pria-Original-Business-Quartz-Watches-i.12495508.685314420
Shopee,Jam Tangan:Jam Tangan Pria,Bayar di TempatJam Tangan Wanita Pria Quartz Analog Dial BulatStrap Kulit Warna Coklat Hitam,Tidak Ada Merek,Rp27.500,Rp23.100,Black Men:Black Women:Coffee Men:Coffee Women,Garansi Shopee Dapatkan barang pesananmu atau uang kembali.,1000,10,15,https://shopee.co.id/-Bayar-di-Tempat-Jam-Tangan-Wanita-Pria-Quartz-Analog-Dial-Bulat-Strap-Kulit-Warna-Coklat-Hitam-i.18587545.577107131
Shopee,Jam Tangan:Jam Tangan Pria,SONS DO Jam Tangan Pria - Resin - Sporty,Tidak Ada Merek,Rp58.000,Rp26.100, ,Garansi Shopee Dapatkan barang pesananmu atau uang kembali.,1000,10,15,https://shopee.co.id/SONS-DO-Jam-Tangan-Pria-Resin-Sporty-i.29569348.1430034080
Shopee,Jam Tangan:Jam Tangan Pria,Migeer Jam Tangan Pria Aviator Korea Fashion SW043,Migeer,Rp79.000,Rp34.000,Black:Brown,Garansi Shopee Dapatkan barang pesananmu atau uang kembali.,1000,10,15,https://shopee.co.id/Migeer-Jam-Tangan-Pria-Aviator-Korea-Fashion-SW043-i.61941735.1019705340
Shopee,Jam Tangan:Jam Tangan Pria,Jam Tangan Pria Mcy Kcy Triangle 44,Tidak Ada Merek,Rp49.900,Rp43.912,Blue:Green:Red:Black & Plate Silver:Full Black,Garansi Shopee Dapatkan barang pesananmu atau uang kembali.,1000,10,15,https://shopee.co.id/Jam-Tangan-Pria-Mcy-Kcy-Triangle-44-i.2913507.423458951
Shopee,Jam Tangan:Jam Tangan Pria,XIAOYA Fashion Nyala Malam Angka Roma Jam Tangan Pria Men Quartz Watch Dengan Hari Tanggal,Xiaoya,Rp269.472,Rp67.368,black-black:black-white:black-gold:coffee-white,Garansi Shopee Dapatkan barang pesananmu atau uang kembali.,1000,10,15,https://shopee.co.id/XIAOYA-Fashion-Nyala-Malam-Angka-Roma-Jam-Tangan-Pria-Men-Quartz-Watch-Dengan-Hari-Tanggal-i.23334625.1634676717
Shopee,Jam Tangan:Jam Tangan Pria:Digital,Jam Tangan Pria QQ Rubber Hitam Digital Watch Fashion,Q&Q,Rp62.500,Rp25.000,HItam:Merah:Biru:Hijau lumut:Campur,Garansi Shopee Dapatkan barang pesananmu atau uang kembali.,1000,10,15,https://shopee.co.id/Jam-Tangan-Pria-Q-Q-Rubber-Hitam-Digital-Watch-Fashion-i.7275692.393009027
Shopee,Jam Tangan:Jam Tangan Pria,OEM Jam Tangan Pria Fashion Leather Kulit Sintesis W134 - Black Big,Cayman,Rp28.800,Rp19.990, ,Garansi Shopee Dapatkan barang pesananmu atau uang kembali.,1000,10,15,https://shopee.co.id/OEM-Jam-Tangan-Pria-Fashion-Leather-Kulit-Sintesis-W134-Black-Big-i.61941735.1019704821
Shopee,Jam Tangan:Jam Tangan Pria,Fashion Dexter 007 Analog Watch Quartz Movements - Jam tangan Unisex - Strap kulit,Geneva,Rp62.700,Rp37.000,full hitam:hitam putih:hitam kuning:hitam coklat:hitam hijau,Garansi Shopee Dapatkan barang pesananmu atau uang kembali.,1000,10,15,https://shopee.co.id/Fashion-Dexter-007-Analog-Watch-Quartz-Movements-Jam-tangan-Unisex-Strap-kulit-i.9650885.1078084908
Shopee,Jam Tangan:Jam Tangan Pria,OSM - J051 Jam Tangan Cowok Elegan Man Watch Quartz,Tidak Ada Merek,Rp13.500,Rp12.150,Jam 051 Coklat:Jam 051 Biru:Jam 051 Hitam Putih:Jam 051 Putih:Jam 051 Hitam Hitam,Garansi Shopee Dapatkan barang pesananmu atau uang kembali.,1000,10,15,https://shopee.co.id/OSM-J051-Jam-Tangan-Cowok-Elegan-Man-Watch-Quartz-i.26616655.1399908166
Shopee,Jam Tangan:Jam Tangan Pria,Yazole Jam Tangan Pria Sport Mewah Quartz Analog Strap Kulit PU,Yazole,Rp110.000,Rp49.500,Black Black:Black Brown:White Black:White Brown,Garansi Shopee Dapatkan barang pesananmu atau uang kembali.,1000,10,15,https://shopee.co.id/Yazole-Jam-Tangan-Pria-Sport-Mewah-Quartz-Analog-Strap-Kulit-PU-i.20606451.323996518
Shopee,Jam Tangan:Jam Tangan Pria:Digital,FREE ONGKIR Tahan Air Jam tangan Lasika ORIGINAL Digital Led,Lasika,Rp250.000,Rp39.000,merah:Kuning:Biru:Orange:HItam,Garansi Shopee Dapatkan barang pesananmu atau uang kembali.,1000,10,15,https://shopee.co.id/FREE-ONGKIR!-Tahan-Air-Jam-tangan-Lasika-ORIGINAL-Digital-Led-i.7275692.511413309
Shopee,Jam Tangan:Jam Tangan Pria,Bayar Di TempatJam Tangan Quartz Analog Triple Dial Anti Air Strap Kulit PU Casual untuk Pria,Tidak Ada Merek,Rp30.000 - Rp48.000,Rp19.000 - Rp35.000,Black #1:Black&white #2:brown& White#3:Brown&black #4,Garansi Shopee Dapatkan barang pesananmu atau uang kembali.,1000,10,15,https://shopee.co.id/-Bayar-Di-Tempat-Jam-Tangan-Quartz-Analog-Triple-Dial-Anti-Air-Strap-Kulit-PU-Casual-untuk-Pria-i.13027348.487367437
Shopee,Jam Tangan:Jam Tangan Pria:Digital,Sanda Jam Tangan Pria Olahraga Sports Casual Waterproof Multifunction W112,Sanda,Rp63.000,Rp62.000,Black:Gold,Garansi Shopee Dapatkan barang pesananmu atau uang kembali.,1000,10,15,https://shopee.co.id/Sanda-Jam-Tangan-Pria-Olahraga-Sports-Casual-Waterproof-Multifunction-W112-i.61941735.1549542172
Shopee,Jam Tangan:Jam Tangan Pria,Jam Tangan Pria YAZOLE 271 MenS Luxury Quartz Fashion Leather Sport Anti Air Wrist Watch,,Rp47.500,Rp42.750,Black - Black:Brown - Black:Black - White:Brown - White,Garansi Shopee Dapatkan barang pesananmu atau uang kembali.,1000,10,15,https://shopee.co.id/Jam-Tangan-Pria-YAZOLE-271-Men'S-Luxury-Quartz-Fashion-Leather-Sport-Anti-Air-Wrist-Watch-i.15002517.902821091
Shopee,Jam Tangan:Jam Tangan Pria,Jam Tangan Pria Cowok Quiksilver Tanggal Hari Tersedia 3 warna,Quiksilver,Rp70.000,Rp58.000,Cokelat Tua:Hitam:Cokelat Muda,Garansi Shopee Dapatkan barang pesananmu atau uang kembali.,1000,10,15,https://shopee.co.id/Jam-Tangan-Pria-Cowok-Quiksilver-Tanggal-Hari-Tersedia-3-warna-i.32227454.718670321
Shopee,Jam Tangan:Jam Tangan Pria,Water Resist Bonico Jam Tangan Pria 5896G stainless steel case,Bonico,Rp150.000,Rp53.100,SW/SWASA:SB/SWASA,Garansi Shopee Dapatkan barang pesananmu atau uang kembali.,1000,10,15,https://shopee.co.id/(Water-Resist)-Bonico-Jam-Tangan-Pria-5896G-stainless-steel-case-i.16243998.965127765
Shopee,Jam Tangan:Jam Tangan Pria,Fashion Dexter 008 Jam Tangan Pria - Strap kulit,Tidak Ada Merek,Rp104.000,Rp45.000,Coklat Hitam:Full hitam:Hitam Putih:Coklat Putih,Garansi Shopee Dapatkan barang pesananmu atau uang kembali.,1000,10,15,https://shopee.co.id/Fashion-Dexter-008-Jam-Tangan-Pria-Strap-kulit-i.9650885.1078004184
Shopee,Jam Tangan:Jam Tangan Pria,Bayar Di Tempat readystock Jam Tangan Quartz Casual Strap Stainless Steel Mewah untuk Bisnis watch,Tidak Ada Merek,Rp36.000 - Rp38.000,Rp26.000,color:black:color:white:color:blue,Garansi Shopee Dapatkan barang pesananmu atau uang kembali.,1000,10,15,https://shopee.co.id/-Bayar-Di-Tempat-readystock-Jam-Tangan-Quartz-Casual-Strap-Stainless-Steel-Mewah-untuk-Bisnis-watch-i.17430886.408402274
Shopee,Jam Tangan:Jam Tangan Pria,GT Jam Tangan Pria Sport Korea Fashion Quartz SW034,Quartz,Rp61.000,Rp23.000,Blue:Red:White:Green,Garansi Shopee Dapatkan barang pesananmu atau uang kembali.,1000,10,15,https://shopee.co.id/GT-Jam-Tangan-Pria-Sport-Korea-Fashion-Quartz-SW034-i.61941735.1019704831
Shopee,Jam Tangan:Jam Tangan Pria,Yazole 319 Jam Tangan Pria Korea Fashion Casual Quartz Analog W177,Yazole,Rp75.000,Rp36.000,Black:Brown,Garansi Shopee Dapatkan barang pesananmu atau uang kembali.,1000,10,15,https://shopee.co.id/Yazole-319-Jam-Tangan-Pria-Korea-Fashion-Casual-Quartz-Analog-W177-i.61941735.1507172855
Shopee,Jam Tangan:Jam Tangan Pria,Jam Tangan Unisex Original TITAN Exclusive - T1463-Body Silver White DialBrown Leather,Robob,Rp145.000,Rp29.000, ,Garansi Shopee Dapatkan barang pesananmu atau uang kembali.,1000,10,15,https://shopee.co.id/Jam-Tangan-Unisex-Original-TITAN-Exclusive-T1463-Body-Silver-White-Dial-Brown-Leather-i.16243998.967304921
Shopee,Jam Tangan:Jam Tangan Pria,BEST SELLER JAM TANGAN PRIA QUICKSILVER TANGGAL HARI SUPER PREMIUM,Quiksilver,Rp80.000,Rp58.000,cokelat tua:hitam:cokelat muda:Grosir,Garansi Shopee Dapatkan barang pesananmu atau uang kembali.,1000,10,15,https://shopee.co.id/BEST-SELLER!!-JAM-TANGAN-PRIA-QUICKSILVER-TANGGAL-HARI-SUPER-PREMIUM-i.32227454.639315420
Shopee,Jam Tangan:Jam Tangan Pria,JAM TANGAN QQ G S-H-O-C-K JT0776 PRIA COWOK GROSIR MURAH,Tidak Ada Merek,Rp24.000,Rp24.000,BLACK:WHITE:RED:DARK BLUE,Garansi Shopee Dapatkan barang pesananmu atau uang kembali.,1000,10,15,https://shopee.co.id/JAM-TANGAN-Q-Q-G-S-H-O-C-K-JT0776-PRIA-COWOK-GROSIR-MURAH-i.8704461.1276549969
Shopee,Jam Tangan:Jam Tangan Pria,Yazole 350 Jam Tangan Pria Wanita Fashion Casual Quartz Analog W176,Yazole,Rp88.000,Rp49.000,Black:Brown,Garansi Shopee Dapatkan barang pesananmu atau uang kembali.,1000,10,15,https://shopee.co.id/Yazole-350-Jam-Tangan-Pria-Wanita-Fashion-Casual-Quartz-Analog-W176-i.61941735.1507172854
Shopee,Jam Tangan:Jam Tangan Pria,Jam Tangan Casio Gold Digital TERMURAH,Casio,Rp28.000 - Rp35.000,Rp28.000 - Rp35.000,Plat Hitam:Plat Hitam+Box Mika:Plat Gold,Garansi Shopee Dapatkan barang pesananmu atau uang kembali.,1000,10,15,https://shopee.co.id/Jam-Tangan-Casio-Gold-Digital.-TERMURAH!-i.5343147.1138765850
Shopee,Jam Tangan:Jam Tangan Pria,Bayar di Tempat HONHX Jam Tangan Digital Sports Luminous Anti Air Tanggal untuk Anak,Honhx,Rp42.700,Rp22.500,blue:yellow:Orange:red:black,Garansi Shopee Dapatkan barang pesananmu atau uang kembali.,1000,10,15,https://shopee.co.id/%E3%80%90Bayar-di-Tempat-%E3%80%91HONHX-Jam-Tangan-Digital-Sports-Luminous-Anti-Air-Tanggal-untuk-Anak-i.27636663.667087356
